entity_id,geography_entity_id,period,y_true,y_pred_naive_lag1,y_pred_linear,fold,train_end_date,validation_end_date
apt_market:zip:60518:2025-05-31,geo:zori:zip:07002,2025-05-31,-0.0019003430618652,-2.910483086637772e-05,0.004173729897446848,1,2025-04-30,2025-10-30
apt_market:zip:60518:2025-06-30,geo:zori:zip:07002,2025-06-30,0.0031806184285105,0.0016842916129131,0.003809838050653427,1,2025-04-30,2025-10-30
apt_market:zip:60518:2025-07-31,geo:zori:zip:07002,2025-07-31,0.0015996783047349,-0.0019003430618652,0.002958465698748747,1,2025-04-30,2025-10-30
apt_market:zip:60518:2025-08-31,geo:zori:zip:07002,2025-08-31,-0.005576857869967,0.0031806184285105,0.0035937717218020248,1,2025-04-30,2025-10-30
apt_market:zip:60518:2025-09-30,geo:zori:zip:07002,2025-09-30,0.0001538571584407,0.0015996783047349,0.003797720574189749,1,2025-04-30,2025-10-30
apt_market:zip:60560:2025-05-31,geo:zori:zip:07047,2025-05-31,0.0041056933266319,-0.0002503973706545,0.0034376118402354313,1,2025-04-30,2025-10-30
apt_market:zip:60560:2025-06-30,geo:zori:zip:07047,2025-06-30,-0.0059366781355836,0.0058387816269689,0.003452226111188483,1,2025-04-30,2025-10-30
apt_market:zip:60560:2025-07-31,geo:zori:zip:07047,2025-07-31,-0.0020366405514122,0.0041056933266319,0.0025695750195486406,1,2025-04-30,2025-10-30
apt_market:zip:60560:2025-08-31,geo:zori:zip:07047,2025-08-31,-0.0022273870516429,-0.0059366781355836,0.0027302243714402855,1,2025-04-30,2025-10-30
apt_market:zip:60560:2025-09-30,geo:zori:zip:07047,2025-09-30,-0.0249604869645647,-0.0020366405514122,0.0026592495636623,1,2025-04-30,2025-10-30
apt_market:zip:60565:2025-05-31,geo:zori:zip:07055,2025-05-31,-0.009425222319132,-0.0082514733944345,0.0020075683277982056,1,2025-04-30,2025-10-30
apt_market:zip:60565:2025-06-30,geo:zori:zip:07055,2025-06-30,0.0307762455506246,-0.0082140894523004,0.0024360864888189914,1,2025-04-30,2025-10-30
apt_market:zip:60565:2025-07-31,geo:zori:zip:07055,2025-07-31,0.0330514189211699,-0.009425222319132,0.002936274514412995,1,2025-04-30,2025-10-30
apt_market:zip:60565:2025-08-31,geo:zori:zip:07055,2025-08-31,0.0179454761446411,0.0307762455506246,0.006609872881831697,1,2025-04-30,2025-10-30
apt_market:zip:60565:2025-09-30,geo:zori:zip:07055,2025-09-30,-0.0096211062299109,0.0330514189211699,0.00725014864380139,1,2025-04-30,2025-10-30
apt_market:zip:60592:2025-05-31,geo:zori:zip:07083,2025-05-31,0.0174798921630889,-0.0099382399109971,0.0032732713209976485,1,2025-04-30,2025-10-30
apt_market:zip:60592:2025-06-30,geo:zori:zip:07083,2025-06-30,-0.002159790405809,0.0026109081654421,0.004024865617852882,1,2025-04-30,2025-10-30
apt_market:zip:60592:2025-07-31,geo:zori:zip:07083,2025-07-31,0.0027146920838709,0.0174798921630889,0.0038933427616478847,1,2025-04-30,2025-10-30
apt_market:zip:60592:2025-08-31,geo:zori:zip:07083,2025-08-31,-0.0228437436419309,-0.002159790405809,0.004128030644540001,1,2025-04-30,2025-10-30
apt_market:zip:60592:2025-09-30,geo:zori:zip:07083,2025-09-30,0.0212291697672615,0.0027146920838709,0.004129306861974174,1,2025-04-30,2025-10-30
apt_market:zip:60594:2025-05-31,geo:zori:zip:07087,2025-05-31,-0.0009381299897847,-0.0006072998191182,0.0032138123487365565,1,2025-04-30,2025-10-30
apt_market:zip:60594:2025-06-30,geo:zori:zip:07087,2025-06-30,0.0063922163145928,-0.0026785041425698,0.0037134388739014364,1,2025-04-30,2025-10-30
apt_market:zip:60594:2025-07-31,geo:zori:zip:07087,2025-07-31,-0.0158638145860451,-0.0009381299897847,0.0033892295747299807,1,2025-04-30,2025-10-30
apt_market:zip:60594:2025-08-31,geo:zori:zip:07087,2025-08-31,0.006229220488521,0.0063922163145928,0.004298223313377555,1,2025-04-30,2025-10-30
apt_market:zip:60594:2025-09-30,geo:zori:zip:07087,2025-09-30,0.0047778951706063,-0.0158638145860451,0.0022969587237879727,1,2025-04-30,2025-10-30
apt_market:zip:60599:2025-05-31,geo:zori:zip:07093,2025-05-31,0.0070170668560931,0.0143362603816952,0.004367635537371912,1,2025-04-30,2025-10-30
apt_market:zip:60599:2025-06-30,geo:zori:zip:07093,2025-06-30,0.0080637574753088,0.003722536591008,0.00401254054493581,1,2025-04-30,2025-10-30
apt_market:zip:60599:2025-07-31,geo:zori:zip:07093,2025-07-31,0.0005071630758914,0.0070170668560931,0.002912658556945994,1,2025-04-30,2025-10-30
apt_market:zip:60599:2025-08-31,geo:zori:zip:07093,2025-08-31,0.0021534283862449,0.0080637574753088,0.004211211464118651,1,2025-04-30,2025-10-30
apt_market:zip:60599:2025-09-30,geo:zori:zip:07093,2025-09-30,0.0002719772018344,0.0005071630758914,0.0034084722046524283,1,2025-04-30,2025-10-30
apt_market:zip:60608:2025-05-31,geo:zori:zip:07104,2025-05-31,-0.0160490314442698,-0.0151782083102198,0.0034898932340312852,1,2025-04-30,2025-10-30
apt_market:zip:60608:2025-06-30,geo:zori:zip:07104,2025-06-30,0.0103701718425928,0.041777561259128,0.006190595246659194,1,2025-04-30,2025-10-30
apt_market:zip:60608:2025-07-31,geo:zori:zip:07104,2025-07-31,-0.0139039332003493,-0.0160490314442698,0.0027294503148046828,1,2025-04-30,2025-10-30
apt_market:zip:60608:2025-08-31,geo:zori:zip:07104,2025-08-31,0.0225700174159755,0.0103701718425928,0.004019909581760038,1,2025-04-30,2025-10-30
apt_market:zip:60608:2025-09-30,geo:zori:zip:07104,2025-09-30,0.0023914345110409,-0.0139039332003493,0.0031897528420521196,1,2025-04-30,2025-10-30
apt_market:zip:60615:2025-05-31,geo:zori:zip:07111,2025-05-31,-0.0002476755458895,0.0152632569800377,0.005766619922913451,1,2025-04-30,2025-10-30
apt_market:zip:60615:2025-06-30,geo:zori:zip:07111,2025-06-30,-0.0115885347894258,-0.0160265990660387,0.0036681434907309216,1,2025-04-30,2025-10-30
apt_market:zip:60615:2025-07-31,geo:zori:zip:07111,2025-07-31,0.0192543250529804,-0.0002476755458895,0.004341117917386436,1,2025-04-30,2025-10-30
apt_market:zip:60615:2025-08-31,geo:zori:zip:07111,2025-08-31,-0.0009530277483567,-0.0115885347894258,0.0035491067710359883,1,2025-04-30,2025-10-30
apt_market:zip:60615:2025-09-30,geo:zori:zip:07111,2025-09-30,0.0014507042857663,0.0192543250529804,0.005274504601923391,1,2025-04-30,2025-10-30
apt_market:zip:60642:2025-05-31,geo:zori:zip:07305,2025-05-31,-0.0057392530692602,-0.0014742350093519,0.003748837892655328,1,2025-04-30,2025-10-30
apt_market:zip:60642:2025-06-30,geo:zori:zip:07305,2025-06-30,0.0039772651192195,0.0033231369359214,0.004285485206051411,1,2025-04-30,2025-10-30
apt_market:zip:60642:2025-07-31,geo:zori:zip:07305,2025-07-31,0.0104390003493168,-0.0057392530692602,0.0032976383093458825,1,2025-04-30,2025-10-30
apt_market:zip:60642:2025-08-31,geo:zori:zip:07305,2025-08-31,-0.0039667328288401,0.0039772651192195,0.0037512484936001005,1,2025-04-30,2025-10-30
apt_market:zip:60642:2025-09-30,geo:zori:zip:07305,2025-09-30,-0.003638845805486,0.0104390003493168,0.0035327172675083864,1,2025-04-30,2025-10-30
apt_market:zip:60643:2025-05-31,geo:zori:zip:07306,2025-05-31,-0.001263895547139,0.0015321703170196,0.0034020116307010633,1,2025-04-30,2025-10-30
apt_market:zip:60643:2025-06-30,geo:zori:zip:07306,2025-06-30,0.0078267179286746,-0.0043219562708509,0.0035681228030825037,1,2025-04-30,2025-10-30
apt_market:zip:60643:2025-07-31,geo:zori:zip:07306,2025-07-31,0.0237045471133097,-0.001263895547139,0.004037613173331682,1,2025-04-30,2025-10-30
apt_market:zip:60643:2025-08-31,geo:zori:zip:07306,2025-08-31,0.0072192620680908,0.0078267179286746,0.0037758886519429873,1,2025-04-30,2025-10-30
apt_market:zip:60643:2025-09-30,geo:zori:zip:07306,2025-09-30,0.005356087206638,0.0237045471133097,0.004760385423931355,1,2025-04-30,2025-10-30
apt_market:zip:60688:2025-05-31,geo:zori:zip:07470,2025-05-31,0.0169828806992513,0.0246184404685607,0.005999902371771889,1,2025-04-30,2025-10-30
apt_market:zip:60688:2025-06-30,geo:zori:zip:07470,2025-06-30,-0.0173039193079964,0.0040198253307714,0.00456131204710355,1,2025-04-30,2025-10-30
apt_market:zip:60688:2025-07-31,geo:zori:zip:07470,2025-07-31,-0.002837350880381,0.0169828806992513,0.004871979847177684,1,2025-04-30,2025-10-30
apt_market:zip:60688:2025-08-31,geo:zori:zip:07470,2025-08-31,-0.0084725844387852,-0.0173039193079964,0.002798444787292585,1,2025-04-30,2025-10-30
apt_market:zip:60688:2025-09-30,geo:zori:zip:07470,2025-09-30,0.0058891635262365,-0.002837350880381,0.004364864989072923,1,2025-04-30,2025-10-30
apt_market:zip:60776:2025-05-31,geo:zori:zip:07728,2025-05-31,0.0006635376932051,-0.0074024962540527,0.002803858881598732,1,2025-04-30,2025-10-30
apt_market:zip:60776:2025-06-30,geo:zori:zip:07728,2025-06-30,0.0219428430419823,-0.0077312188560613,0.0026992616994440193,1,2025-04-30,2025-10-30
apt_market:zip:60776:2025-07-31,geo:zori:zip:07728,2025-07-31,0.0138006337488989,0.0006635376932051,0.00321947165352179,1,2025-04-30,2025-10-30
apt_market:zip:60776:2025-08-31,geo:zori:zip:07728,2025-08-31,-0.0021793954851858,0.0219428430419823,0.005849569841811199,1,2025-04-30,2025-10-30
apt_market:zip:60776:2025-09-30,geo:zori:zip:07728,2025-09-30,-0.0090787183601663,0.0138006337488989,0.004031492098314607,1,2025-04-30,2025-10-30
apt_market:zip:61100:2025-05-31,geo:zori:zip:08540,2025-05-31,0.0033154395748311,0.0085089231082124,0.0033617692346548716,1,2025-04-30,2025-10-30
apt_market:zip:61100:2025-06-30,geo:zori:zip:08540,2025-06-30,-0.0036022140125279,-0.0036183508632083,0.002886541460180279,1,2025-04-30,2025-10-30
apt_market:zip:61100:2025-07-31,geo:zori:zip:08540,2025-07-31,-0.0164931409965767,0.0033154395748311,0.0032575219197635325,1,2025-04-30,2025-10-30
apt_market:zip:61100:2025-08-31,geo:zori:zip:08540,2025-08-31,-0.0102947977124553,-0.0036022140125279,0.0017883915102023342,1,2025-04-30,2025-10-30
apt_market:zip:61100:2025-09-30,geo:zori:zip:08540,2025-09-30,-0.0053045883328277,-0.0164931409965767,0.0012181871574822615,1,2025-04-30,2025-10-30
apt_market:zip:61169:2025-05-31,geo:zori:zip:08753,2025-05-31,0.0120408219452492,0.0060186179426033,0.0037227025593967126,1,2025-04-30,2025-10-30
apt_market:zip:61169:2025-06-30,geo:zori:zip:08753,2025-06-30,0.0023710184410543,0.0180421697106236,0.0027680952350704812,1,2025-04-30,2025-10-30
apt_market:zip:61169:2025-07-31,geo:zori:zip:08753,2025-07-31,-0.0042336503769287,0.0120408219452492,0.003678360171362064,1,2025-04-30,2025-10-30
apt_market:zip:61169:2025-08-31,geo:zori:zip:08753,2025-08-31,-0.0097633389073625,0.0023710184410543,0.0027333147829186853,1,2025-04-30,2025-10-30
apt_market:zip:61169:2025-09-30,geo:zori:zip:08753,2025-09-30,0.0076759865770903,-0.0042336503769287,0.003326138442695457,1,2025-04-30,2025-10-30
apt_market:zip:61214:2025-05-31,geo:zori:zip:08854,2025-05-31,-0.0074230726465749,0.0173027596620292,0.003999287682611691,1,2025-04-30,2025-10-30
apt_market:zip:61214:2025-06-30,geo:zori:zip:08854,2025-06-30,-0.0048275469744244,0.0142016963533773,0.004343995234169125,1,2025-04-30,2025-10-30
apt_market:zip:61214:2025-07-31,geo:zori:zip:08854,2025-07-31,-0.0023590809918656,-0.0074230726465749,0.0030066677512148596,1,2025-04-30,2025-10-30
apt_market:zip:61214:2025-08-31,geo:zori:zip:08854,2025-08-31,0.0241136299902198,-0.0048275469744244,0.002506114652103671,1,2025-04-30,2025-10-30
apt_market:zip:61214:2025-09-30,geo:zori:zip:08854,2025-09-30,-0.0001116919101399,-0.0023590809918656,0.003275000987770156,1,2025-04-30,2025-10-30
apt_market:zip:61229:2025-05-31,geo:zori:zip:08873,2025-05-31,0.006905878986368,-0.0074713429000821,0.002872641957579979,1,2025-04-30,2025-10-30
apt_market:zip:61229:2025-06-30,geo:zori:zip:08873,2025-06-30,0.0282654646221844,0.0064236058287163,0.0041821796396864785,1,2025-04-30,2025-10-30
apt_market:zip:61229:2025-07-31,geo:zori:zip:08873,2025-07-31,0.0104436590687759,0.006905878986368,0.004338458129625565,1,2025-04-30,2025-10-30
apt_market:zip:61229:2025-08-31,geo:zori:zip:08873,2025-08-31,-0.0014423386357061,0.0282654646221844,0.005023926634824682,1,2025-04-30,2025-10-30
apt_market:zip:61229:2025-09-30,geo:zori:zip:08873,2025-09-30,-0.012644611041412,0.0104436590687759,0.003598782519807178,1,2025-04-30,2025-10-30
apt_market:zip:61245:2025-05-31,geo:zori:zip:08901,2025-05-31,0.0163218451884978,0.0004508765590063,0.003531463980054684,1,2025-04-30,2025-10-30
apt_market:zip:61245:2025-06-30,geo:zori:zip:08901,2025-06-30,0.0035886955901895,0.0153825287512572,0.0045094677755978365,1,2025-04-30,2025-10-30
apt_market:zip:61245:2025-07-31,geo:zori:zip:08901,2025-07-31,0.0022717251858619,0.0163218451884978,0.0047497862717715555,1,2025-04-30,2025-10-30
apt_market:zip:61245:2025-08-31,geo:zori:zip:08901,2025-08-31,0.0029352000222122,0.0035886955901895,0.004591803827304454,1,2025-04-30,2025-10-30
apt_market:zip:61245:2025-09-30,geo:zori:zip:08901,2025-09-30,0.0116901937686517,0.0022717251858619,0.00427794758363433,1,2025-04-30,2025-10-30
apt_market:zip:64180:2025-05-31,geo:zori:zip:15601,2025-05-31,-0.0104621938213784,0.0094664966275439,0.005307965874304447,1,2025-04-30,2025-10-30
apt_market:zip:64180:2025-06-30,geo:zori:zip:15601,2025-06-30,-0.00016914288677,0.0117946454076929,0.0053690876583489125,1,2025-04-30,2025-10-30
apt_market:zip:64180:2025-07-31,geo:zori:zip:15601,2025-07-31,-0.013095837337534,-0.0104621938213784,0.0050422551337692065,1,2025-04-30,2025-10-30
apt_market:zip:64180:2025-08-31,geo:zori:zip:15601,2025-08-31,0.0139878438934368,-0.00016914288677,0.0052814006498838936,1,2025-04-30,2025-10-30
apt_market:zip:64180:2025-09-30,geo:zori:zip:15601,2025-09-30,0.0034944803014766,-0.013095837337534,0.004137542359507176,1,2025-04-30,2025-10-30
apt_market:zip:64741:2025-05-31,geo:zori:zip:16801,2025-05-31,-0.0038406344047177,0.0128940800150623,0.005371184121707511,1,2025-04-30,2025-10-30
apt_market:zip:64741:2025-06-30,geo:zori:zip:16801,2025-06-30,-0.0069923558258071,-0.0074403450555656,0.0043456190932581,1,2025-04-30,2025-10-30
apt_market:zip:64741:2025-07-31,geo:zori:zip:16801,2025-07-31,0.0255095091334731,-0.0038406344047177,0.0039506581085627275,1,2025-04-30,2025-10-30
apt_market:zip:64741:2025-08-31,geo:zori:zip:16801,2025-08-31,0.0198904243869724,-0.0069923558258071,0.0033984699367818052,1,2025-04-30,2025-10-30
apt_market:zip:64741:2025-09-30,geo:zori:zip:16801,2025-09-30,0.0100911601205904,0.0255095091334731,0.004424618083653944,1,2025-04-30,2025-10-30
apt_market:zip:65031:2025-05-31,geo:zori:zip:17331,2025-05-31,0.0084877981585966,0.0024274635907535,0.004597358621020092,1,2025-04-30,2025-10-30
apt_market:zip:65031:2025-06-30,geo:zori:zip:17331,2025-06-30,0.0158576001929633,-0.0015949735351457,0.0038778622658829625,1,2025-04-30,2025-10-30
apt_market:zip:65031:2025-07-31,geo:zori:zip:17331,2025-07-31,-0.016275938492401,0.0084877981585966,0.005110306539693413,1,2025-04-30,2025-10-30
apt_market:zip:65031:2025-08-31,geo:zori:zip:17331,2025-08-31,-0.0130854457216412,0.0158576001929633,0.00557506085345017,1,2025-04-30,2025-10-30
apt_market:zip:65031:2025-09-30,geo:zori:zip:17331,2025-09-30,-0.0113603980992612,-0.016275938492401,0.0034638284191408613,1,2025-04-30,2025-10-30
apt_market:zip:65131:2025-05-31,geo:zori:zip:17601,2025-05-31,0.0051195892876851,0.0115683142929989,0.004656912421528451,1,2025-04-30,2025-10-30
apt_market:zip:65131:2025-06-30,geo:zori:zip:17601,2025-06-30,-0.0029473845208696,-0.0074805158245123,0.003621153988081272,1,2025-04-30,2025-10-30
apt_market:zip:65131:2025-07-31,geo:zori:zip:17601,2025-07-31,0.0162165841327119,0.0051195892876851,0.005025523533447753,1,2025-04-30,2025-10-30
apt_market:zip:65131:2025-08-31,geo:zori:zip:17601,2025-08-31,-0.0010622175933251,-0.0029473845208696,0.004048608598001706,1,2025-04-30,2025-10-30
apt_market:zip:65131:2025-09-30,geo:zori:zip:17601,2025-09-30,0.0189476988357975,0.0162165841327119,0.005224699515809323,1,2025-04-30,2025-10-30
apt_market:zip:65133:2025-05-31,geo:zori:zip:17603,2025-05-31,-0.010880569681381,-0.0069413420229146,0.0044521726303594815,1,2025-04-30,2025-10-30
apt_market:zip:65133:2025-06-30,geo:zori:zip:17603,2025-06-30,0.0004945610623503,0.0026721454468299,0.0044991751803716345,1,2025-04-30,2025-10-30
apt_market:zip:65133:2025-07-31,geo:zori:zip:17603,2025-07-31,-0.0053266993487333,-0.010880569681381,0.003706202557341105,1,2025-04-30,2025-10-30
apt_market:zip:65133:2025-08-31,geo:zori:zip:17603,2025-08-31,-0.0079190998996361,0.0004945610623503,0.0043385314021205604,1,2025-04-30,2025-10-30
apt_market:zip:65133:2025-09-30,geo:zori:zip:17603,2025-09-30,0.0061724362583834,-0.0053266993487333,0.003882973866756937,1,2025-04-30,2025-10-30
apt_market:zip:65701:2025-05-31,geo:zori:zip:19020,2025-05-31,0.0084578679268212,0.0139079107580333,0.006160853905369792,1,2025-04-30,2025-10-30
apt_market:zip:65701:2025-06-30,geo:zori:zip:19020,2025-06-30,0.0082977045756507,-0.0034061809032427,0.0036716152275094983,1,2025-04-30,2025-10-30
apt_market:zip:65701:2025-07-31,geo:zori:zip:19020,2025-07-31,0.0192681231855786,0.0084578679268212,0.00446321596974138,1,2025-04-30,2025-10-30
apt_market:zip:65701:2025-08-31,geo:zori:zip:19020,2025-08-31,0.0078708802361777,0.0082977045756507,0.005240721021567517,1,2025-04-30,2025-10-30
apt_market:zip:65701:2025-09-30,geo:zori:zip:19020,2025-09-30,0.001706067680455,0.0192681231855786,0.004495896035410197,1,2025-04-30,2025-10-30
apt_market:zip:65742:2025-05-31,geo:zori:zip:19067,2025-05-31,0.0012625317607055,0.0010920267982963,0.004112330374847112,1,2025-04-30,2025-10-30
apt_market:zip:65742:2025-06-30,geo:zori:zip:19067,2025-06-30,0.0082576482677916,-0.0054934923317627,0.002739289231564977,1,2025-04-30,2025-10-30
apt_market:zip:65742:2025-07-31,geo:zori:zip:19067,2025-07-31,0.0022985469043987,0.0012625317607055,0.0037893051980844067,1,2025-04-30,2025-10-30
apt_market:zip:65742:2025-08-31,geo:zori:zip:19067,2025-08-31,-0.0010162272667301,0.0082576482677916,0.0038845532480257725,1,2025-04-30,2025-10-30
apt_market:zip:65742:2025-09-30,geo:zori:zip:19067,2025-09-30,9.723408065620552e-05,0.0022985469043987,0.004550463594970028,1,2025-04-30,2025-10-30
apt_market:zip:65779:2025-05-31,geo:zori:zip:19111,2025-05-31,-0.0073720370793688,-0.0012455440662128,0.003983383648636125,1,2025-04-30,2025-10-30
apt_market:zip:65779:2025-06-30,geo:zori:zip:19111,2025-06-30,-0.0002047789157628,0.0051684701102114,0.004875371030535149,1,2025-04-30,2025-10-30
apt_market:zip:65779:2025-07-31,geo:zori:zip:19111,2025-07-31,-0.0090639944778417,-0.0073720370793688,0.004569476233915821,1,2025-04-30,2025-10-30
apt_market:zip:65779:2025-08-31,geo:zori:zip:19111,2025-08-31,0.0106769670030442,-0.0002047789157628,0.0043420939318756565,1,2025-04-30,2025-10-30
apt_market:zip:65779:2025-09-30,geo:zori:zip:19111,2025-09-30,-0.0098536099144125,-0.0090639944778417,0.0038673407544003585,1,2025-04-30,2025-10-30
apt_market:zip:65787:2025-05-31,geo:zori:zip:19120,2025-05-31,0.011527907831238,-0.0012635032491619,0.004747948043375376,1,2025-04-30,2025-10-30
apt_market:zip:65787:2025-08-31,geo:zori:zip:19120,2025-08-31,-0.0008493937835778,-0.0147372048537696,0.0031736154862114316,1,2025-04-30,2025-10-30
apt_market:zip:65787:2025-09-30,geo:zori:zip:19120,2025-09-30,0.0058697447484776,0.011527907831238,0.00502138249151586,1,2025-04-30,2025-10-30
apt_market:zip:65791:2025-05-31,geo:zori:zip:19124,2025-05-31,0.0072493692296589,0.0106669133963668,0.005073556025265181,1,2025-04-30,2025-10-30
apt_market:zip:65791:2025-06-30,geo:zori:zip:19124,2025-06-30,-0.0039464308646746,0.0026603030133351,0.005035537966029991,1,2025-04-30,2025-10-30
apt_market:zip:65791:2025-07-31,geo:zori:zip:19124,2025-07-31,-0.0150244862393933,0.0072493692296589,0.005092722651182194,1,2025-04-30,2025-10-30
apt_market:zip:65791:2025-08-31,geo:zori:zip:19124,2025-08-31,0.0107236819370373,-0.0039464308646746,0.0039538427936756425,1,2025-04-30,2025-10-30
apt_market:zip:65791:2025-09-30,geo:zori:zip:19124,2025-09-30,-0.0140499718622427,-0.0150244862393933,0.0034320072864251466,1,2025-04-30,2025-10-30
apt_market:zip:65801:2025-05-31,geo:zori:zip:19134,2025-05-31,0.0098362143299193,-0.0090603456576299,0.004926389908079498,1,2025-04-30,2025-10-30
apt_market:zip:65801:2025-06-30,geo:zori:zip:19134,2025-06-30,0.0117093664750813,0.0183900270114061,0.005754856232455757,1,2025-04-30,2025-10-30
apt_market:zip:65801:2025-07-31,geo:zori:zip:19134,2025-07-31,-0.0065499410026232,0.0098362143299193,0.00527961320951379,1,2025-04-30,2025-10-30
apt_market:zip:65801:2025-08-31,geo:zori:zip:19134,2025-08-31,-0.0092800463254696,0.0117093664750813,0.004782322450977036,1,2025-04-30,2025-10-30
apt_market:zip:65801:2025-09-30,geo:zori:zip:19134,2025-09-30,-0.0082435092552026,-0.0065499410026232,0.0037538519833336488,1,2025-04-30,2025-10-30
apt_market:zip:65810:2025-05-31,geo:zori:zip:19143,2025-05-31,0.0112498153218645,0.0020398229472455,0.004041061016608279,1,2025-04-30,2025-10-30
apt_market:zip:65810:2025-06-30,geo:zori:zip:19143,2025-06-30,0.0097642985107284,-0.0023993452982828,0.003897635959581312,1,2025-04-30,2025-10-30
apt_market:zip:65810:2025-07-31,geo:zori:zip:19143,2025-07-31,0.0009933438824198,0.0112498153218645,0.004968960095278854,1,2025-04-30,2025-10-30
apt_market:zip:65810:2025-08-31,geo:zori:zip:19143,2025-08-31,-0.0021831870785223,0.0097642985107284,0.005486665656163136,1,2025-04-30,2025-10-30
apt_market:zip:65810:2025-09-30,geo:zori:zip:19143,2025-09-30,-0.0205430424025214,0.0009933438824198,0.0044026842300346255,1,2025-04-30,2025-10-30
apt_market:zip:65816:2025-05-31,geo:zori:zip:19149,2025-05-31,-0.0067011277732944,-0.0308911168540795,0.0023201297551420637,1,2025-04-30,2025-10-30
apt_market:zip:65816:2025-06-30,geo:zori:zip:19149,2025-06-30,0.0117215359287345,-0.0008993492189204,0.004184019631065577,1,2025-04-30,2025-10-30
apt_market:zip:65816:2025-07-31,geo:zori:zip:19149,2025-07-31,0.0197441143480086,-0.0067011277732944,0.0039051973275285837,1,2025-04-30,2025-10-30
apt_market:zip:65816:2025-08-31,geo:zori:zip:19149,2025-08-31,0.0086324908796171,0.0117215359287345,0.004905901083078493,1,2025-04-30,2025-10-30
apt_market:zip:65816:2025-09-30,geo:zori:zip:19149,2025-09-30,0.006227400638469,0.0197441143480086,0.005759277692034799,1,2025-04-30,2025-10-30
apt_market:zip:65859:2025-05-31,geo:zori:zip:19320,2025-05-31,-2.016731499232538e-05,-0.0335116403427716,0.0017717962831601077,1,2025-04-30,2025-10-30
apt_market:zip:65859:2025-06-30,geo:zori:zip:19320,2025-06-30,0.0256967360926996,0.0067018312101192,0.005337788155898468,1,2025-04-30,2025-10-30
apt_market:zip:65859:2025-07-31,geo:zori:zip:19320,2025-07-31,-0.0161693225756073,-2.016731499232538e-05,0.004201420476119047,1,2025-04-30,2025-10-30
apt_market:zip:65859:2025-08-31,geo:zori:zip:19320,2025-08-31,-0.011098146750082,0.0256967360926996,0.006324621008534014,1,2025-04-30,2025-10-30
apt_market:zip:65859:2025-09-30,geo:zori:zip:19320,2025-09-30,0.0202016975896297,-0.0161693225756073,0.003233534498716102,1,2025-04-30,2025-10-30
apt_market:zip:65897:2025-05-31,geo:zori:zip:19382,2025-05-31,0.0238800810962644,-0.0024123363603418,0.003847198436706719,1,2025-04-30,2025-10-30
apt_market:zip:65897:2025-06-30,geo:zori:zip:19382,2025-06-30,0.0149339362110878,0.0060104961269178,0.004230033876288021,1,2025-04-30,2025-10-30
apt_market:zip:65897:2025-07-31,geo:zori:zip:19382,2025-07-31,0.0045700532197949,0.0238800810962644,0.005087885483530897,1,2025-04-30,2025-10-30
apt_market:zip:65897:2025-08-31,geo:zori:zip:19382,2025-08-31,0.0018008869026329,0.0149339362110878,0.004642918801305278,1,2025-04-30,2025-10-30
apt_market:zip:65897:2025-09-30,geo:zori:zip:19382,2025-09-30,-0.0136375844862732,0.0045700532197949,0.0037621716016007947,1,2025-04-30,2025-10-30
apt_market:zip:65933:2025-05-31,geo:zori:zip:19446,2025-05-31,0.0003129099183265,4.011369756584671e-06,0.004101734101749886,1,2025-04-30,2025-10-30
apt_market:zip:65933:2025-06-30,geo:zori:zip:19446,2025-06-30,0.0074273008431668,0.0051570444242949,0.0038633782858159874,1,2025-04-30,2025-10-30
apt_market:zip:65933:2025-07-31,geo:zori:zip:19446,2025-07-31,-0.0073737360936951,0.0003129099183265,0.004753645838514054,1,2025-04-30,2025-10-30
apt_market:zip:65933:2025-08-31,geo:zori:zip:19446,2025-08-31,-0.0050201139671691,0.0074273008431668,0.004109773956368336,1,2025-04-30,2025-10-30
apt_market:zip:65933:2025-09-30,geo:zori:zip:19446,2025-09-30,-0.0113600907690127,-0.0073737360936951,0.0034972947530822977,1,2025-04-30,2025-10-30
apt_market:zip:66043:2025-05-31,geo:zori:zip:19720,2025-05-31,0.0153092881337144,0.014615547532359,0.005853974570483252,1,2025-04-30,2025-10-30
apt_market:zip:66043:2025-06-30,geo:zori:zip:19720,2025-06-30,0.0182720806390201,-0.0112626499071335,0.0038291936606339445,1,2025-04-30,2025-10-30
apt_market:zip:66043:2025-07-31,geo:zori:zip:19720,2025-07-31,0.0137924775021751,0.0153092881337144,0.005344223004876934,1,2025-04-30,2025-10-30
apt_market:zip:66043:2025-08-31,geo:zori:zip:19720,2025-08-31,-0.0087162561812463,0.0182720806390201,0.005175898783702486,1,2025-04-30,2025-10-30
apt_market:zip:66043:2025-09-30,geo:zori:zip:19720,2025-09-30,-0.0045448051652764,0.0137924775021751,0.0041011032250593505,1,2025-04-30,2025-10-30
apt_market:zip:60518:2024-11-30,geo:zori:zip:07002,2024-11-30,0.0019177841499464,0.0063073108337294,0.0038728195298075945,2,2024-10-31,2025-04-30
apt_market:zip:60518:2024-12-31,geo:zori:zip:07002,2024-12-31,0.0081828412549087,0.002272062517856,0.0037325202643058992,2,2024-10-31,2025-04-30
apt_market:zip:60518:2025-01-31,geo:zori:zip:07002,2025-01-31,0.0045047104233983,0.0019177841499464,0.003670320638091781,2,2024-10-31,2025-04-30
apt_market:zip:60518:2025-02-28,geo:zori:zip:07002,2025-02-28,0.0057588155233228,0.0081828412549087,0.004265798373111825,2,2024-10-31,2025-04-30
apt_market:zip:60518:2025-03-31,geo:zori:zip:07002,2025-03-31,-2.910483086637772e-05,0.0045047104233983,0.0038732850419100884,2,2024-10-31,2025-04-30
apt_market:zip:60518:2025-04-30,geo:zori:zip:07002,2025-04-30,0.0016842916129131,0.0057588155233228,0.004528038921521368,2,2024-10-31,2025-04-30
apt_market:zip:60560:2024-11-30,geo:zori:zip:07047,2024-11-30,0.0141997191015923,0.0115879947089243,0.004903292943398913,2,2024-10-31,2025-04-30
apt_market:zip:60560:2024-12-31,geo:zori:zip:07047,2024-12-31,0.0105816953640953,-0.0175193851109271,0.0015109631860179453,2,2024-10-31,2025-04-30
apt_market:zip:60560:2025-01-31,geo:zori:zip:07047,2025-01-31,0.0281323320100432,0.0141997191015923,0.00498732604411734,2,2024-10-31,2025-04-30
apt_market:zip:60560:2025-02-28,geo:zori:zip:07047,2025-02-28,-0.0046480223885904,0.0105816953640953,0.0028846938392084087,2,2024-10-31,2025-04-30
apt_market:zip:60560:2025-03-31,geo:zori:zip:07047,2025-03-31,-0.0002503973706545,0.0281323320100432,0.005099650265999081,2,2024-10-31,2025-04-30
apt_market:zip:60560:2025-04-30,geo:zori:zip:07047,2025-04-30,0.0058387816269689,-0.0046480223885904,0.0025936224869744537,2,2024-10-31,2025-04-30
apt_market:zip:60565:2025-02-28,geo:zori:zip:07055,2025-02-28,0.0107696213086085,0.0175873195777258,0.006175694655332496,2,2024-10-31,2025-04-30
apt_market:zip:60565:2025-03-31,geo:zori:zip:07055,2025-03-31,-0.0082514733944345,-0.0283992443995252,0.005903805329971982,2,2024-10-31,2025-04-30
apt_market:zip:60565:2025-04-30,geo:zori:zip:07055,2025-04-30,-0.0082140894523004,0.0107696213086085,0.003876638166605041,2,2024-10-31,2025-04-30
apt_market:zip:60592:2024-11-30,geo:zori:zip:07083,2024-11-30,0.0030423132460652,0.011344454122762,0.004594899689161498,2,2024-10-31,2025-04-30
apt_market:zip:60592:2024-12-31,geo:zori:zip:07083,2024-12-31,0.0290973524614721,0.0086285064398707,0.004012105816003102,2,2024-10-31,2025-04-30
apt_market:zip:60592:2025-01-31,geo:zori:zip:07083,2025-01-31,-0.002817223296894,0.0030423132460652,0.0036737116607890355,2,2024-10-31,2025-04-30
apt_market:zip:60592:2025-02-28,geo:zori:zip:07083,2025-02-28,0.005240963389099,0.0290973524614721,0.004765546975813706,2,2024-10-31,2025-04-30
apt_market:zip:60592:2025-03-31,geo:zori:zip:07083,2025-03-31,-0.0099382399109971,-0.002817223296894,0.002819784580513352,2,2024-10-31,2025-04-30
apt_market:zip:60592:2025-04-30,geo:zori:zip:07083,2025-04-30,0.0026109081654421,0.005240963389099,0.0031688401004643907,2,2024-10-31,2025-04-30
apt_market:zip:60594:2024-11-30,geo:zori:zip:07087,2024-11-30,0.0200123608423625,0.0121521480945958,0.004195853676568894,2,2024-10-31,2025-04-30
apt_market:zip:60594:2024-12-31,geo:zori:zip:07087,2024-12-31,-0.0040022932199756,-0.0047646637833592,0.003038347003867416,2,2024-10-31,2025-04-30
apt_market:zip:60594:2025-01-31,geo:zori:zip:07087,2025-01-31,0.0187688870760174,0.0200123608423625,0.005082355092989565,2,2024-10-31,2025-04-30
apt_market:zip:60594:2025-02-28,geo:zori:zip:07087,2025-02-28,-0.0079519737236979,-0.0040022932199756,0.0030984048073042156,2,2024-10-31,2025-04-30
apt_market:zip:60594:2025-03-31,geo:zori:zip:07087,2025-03-31,-0.0006072998191182,0.0187688870760174,0.0042919102641014815,2,2024-10-31,2025-04-30
apt_market:zip:60594:2025-04-30,geo:zori:zip:07087,2025-04-30,-0.0026785041425698,-0.0079519737236979,0.002663258299628719,2,2024-10-31,2025-04-30
apt_market:zip:60599:2024-11-30,geo:zori:zip:07093,2024-11-30,-0.0195854357900571,0.0202978304363257,0.004293975392181899,2,2024-10-31,2025-04-30
apt_market:zip:60599:2024-12-31,geo:zori:zip:07093,2024-12-31,-0.0086652475833148,-0.0062219188458777,0.002843626723177622,2,2024-10-31,2025-04-30
apt_market:zip:60599:2025-01-31,geo:zori:zip:07093,2025-01-31,0.0046566846121194,-0.0195854357900571,0.0013042538881629707,2,2024-10-31,2025-04-30
apt_market:zip:60599:2025-02-28,geo:zori:zip:07093,2025-02-28,0.0190947456982126,-0.0086652475833148,0.0029716146486949094,2,2024-10-31,2025-04-30
apt_market:zip:60599:2025-03-31,geo:zori:zip:07093,2025-03-31,0.0143362603816952,0.0046566846121194,0.0038241648196196357,2,2024-10-31,2025-04-30
apt_market:zip:60599:2025-04-30,geo:zori:zip:07093,2025-04-30,0.003722536591008,0.0190947456982126,0.0048513692890434345,2,2024-10-31,2025-04-30
apt_market:zip:60608:2024-11-30,geo:zori:zip:07104,2024-11-30,0.0136746015141924,-0.0104991603613822,0.0037034790594342006,2,2024-10-31,2025-04-30
apt_market:zip:60608:2024-12-31,geo:zori:zip:07104,2024-12-31,0.0230703490131036,0.0249743447116335,0.006166124339982917,2,2024-10-31,2025-04-30
apt_market:zip:60608:2025-01-31,geo:zori:zip:07104,2025-01-31,-0.0267562445241755,0.0136746015141924,0.0046242353435655865,2,2024-10-31,2025-04-30
apt_market:zip:60608:2025-02-28,geo:zori:zip:07104,2025-02-28,-0.0040083630836116,0.0230703490131036,0.004572207527499722,2,2024-10-31,2025-04-30
apt_market:zip:60608:2025-03-31,geo:zori:zip:07104,2025-03-31,-0.0151782083102198,-0.0267562445241755,0.0016109240043538885,2,2024-10-31,2025-04-30
apt_market:zip:60608:2025-04-30,geo:zori:zip:07104,2025-04-30,0.041777561259128,-0.0040083630836116,0.0043683032295954525,2,2024-10-31,2025-04-30
apt_market:zip:60615:2024-11-30,geo:zori:zip:07111,2024-11-30,-0.0031163973814117,0.0242822824463651,0.006363581440792597,2,2024-10-31,2025-04-30
apt_market:zip:60615:2024-12-31,geo:zori:zip:07111,2024-12-31,-0.0068079883024197,-0.0002063022714491,0.004365227577991664,2,2024-10-31,2025-04-30
apt_market:zip:60615:2025-01-31,geo:zori:zip:07111,2025-01-31,0.0204643908645045,-0.0031163973814117,0.003793975582197771,2,2024-10-31,2025-04-30
apt_market:zip:60615:2025-02-28,geo:zori:zip:07111,2025-02-28,0.0186197924436759,-0.0068079883024197,0.0034503979015661664,2,2024-10-31,2025-04-30
apt_market:zip:60615:2025-03-31,geo:zori:zip:07111,2025-03-31,0.0152632569800377,0.0204643908645045,0.005682864802176376,2,2024-10-31,2025-04-30
apt_market:zip:60615:2025-04-30,geo:zori:zip:07111,2025-04-30,-0.0160265990660387,0.0186197924436759,0.004749340643669739,2,2024-10-31,2025-04-30
apt_market:zip:60642:2024-11-30,geo:zori:zip:07305,2024-11-30,-0.0079569459903385,0.0031441792288859,0.004100426987744561,2,2024-10-31,2025-04-30
apt_market:zip:60642:2024-12-31,geo:zori:zip:07305,2024-12-31,0.0041250874718039,0.011174861149185,0.004777700132501987,2,2024-10-31,2025-04-30
apt_market:zip:60642:2025-01-31,geo:zori:zip:07305,2025-01-31,-0.0085696136026899,-0.0079569459903385,0.003128139997814804,2,2024-10-31,2025-04-30
apt_market:zip:60642:2025-02-28,geo:zori:zip:07305,2025-02-28,0.0231784662969385,0.0041250874718039,0.0038453738760142603,2,2024-10-31,2025-04-30
apt_market:zip:60642:2025-03-31,geo:zori:zip:07305,2025-03-31,-0.0014742350093519,-0.0085696136026899,0.0033874819890877027,2,2024-10-31,2025-04-30
apt_market:zip:60642:2025-04-30,geo:zori:zip:07305,2025-04-30,0.0033231369359214,0.0231784662969385,0.005438392948525899,2,2024-10-31,2025-04-30
apt_market:zip:60643:2024-11-30,geo:zori:zip:07306,2024-11-30,-0.0062327549980359,-0.0075981931920271,0.002831965987591646,2,2024-10-31,2025-04-30
apt_market:zip:60643:2024-12-31,geo:zori:zip:07306,2024-12-31,0.0015192137753903,0.004069231988018,0.003537150140103222,2,2024-10-31,2025-04-30
apt_market:zip:60643:2025-01-31,geo:zori:zip:07306,2025-01-31,0.0011828903497812,-0.0062327549980359,0.003401531659011911,2,2024-10-31,2025-04-30
apt_market:zip:60643:2025-02-28,geo:zori:zip:07306,2025-02-28,0.0071474692391901,0.0015192137753903,0.0032245799536757694,2,2024-10-31,2025-04-30
apt_market:zip:60643:2025-03-31,geo:zori:zip:07306,2025-03-31,0.0015321703170196,0.0011828903497812,0.003229969271638867,2,2024-10-31,2025-04-30
apt_market:zip:60643:2025-04-30,geo:zori:zip:07306,2025-04-30,-0.0043219562708509,0.0071474692391901,0.0033766784245778223,2,2024-10-31,2025-04-30
apt_market:zip:60688:2025-02-28,geo:zori:zip:07470,2025-02-28,0.0026627627496744,0.009004398302032,0.004178495397547831,2,2024-10-31,2025-04-30
apt_market:zip:60688:2025-03-31,geo:zori:zip:07470,2025-03-31,0.0246184404685607,0.0056626980239689,0.003288143818594068,2,2024-10-31,2025-04-30
apt_market:zip:60688:2025-04-30,geo:zori:zip:07470,2025-04-30,0.0040198253307714,0.0026627627496744,0.0042255727862519545,2,2024-10-31,2025-04-30
apt_market:zip:60776:2024-11-30,geo:zori:zip:07728,2024-11-30,0.0077911609709866,-0.0017808080738528,0.002195790124911748,2,2024-10-31,2025-04-30
apt_market:zip:60776:2024-12-31,geo:zori:zip:07728,2024-12-31,0.0121402464886475,-0.0250112672812627,0.0009150758903359235,2,2024-10-31,2025-04-30
apt_market:zip:60776:2025-01-31,geo:zori:zip:07728,2025-01-31,0.0063934987168208,0.0077911609709866,0.003457211199185416,2,2024-10-31,2025-04-30
apt_market:zip:60776:2025-02-28,geo:zori:zip:07728,2025-02-28,-4.892742783890736e-05,0.0121402464886475,0.004446722337125,2,2024-10-31,2025-04-30
apt_market:zip:60776:2025-03-31,geo:zori:zip:07728,2025-03-31,-0.0074024962540527,0.0063934987168208,0.0035465527977982018,2,2024-10-31,2025-04-30
apt_market:zip:60776:2025-04-30,geo:zori:zip:07728,2025-04-30,-0.0077312188560613,-4.892742783890736e-05,0.0027812792383991405,2,2024-10-31,2025-04-30
apt_market:zip:61100:2024-11-30,geo:zori:zip:08540,2024-11-30,0.0244100751730991,-0.0103880700611165,0.0019725891955290633,2,2024-10-31,2025-04-30
apt_market:zip:61100:2024-12-31,geo:zori:zip:08540,2024-12-31,0.0033816782874476,-0.0109978091220357,0.001266460234868467,2,2024-10-31,2025-04-30
apt_market:zip:61100:2025-01-31,geo:zori:zip:08540,2025-01-31,0.0274813007363765,0.0244100751730991,0.003622661600068277,2,2024-10-31,2025-04-30
apt_market:zip:61100:2025-02-28,geo:zori:zip:08540,2025-02-28,-0.0118581404243585,0.0033816782874476,0.0033149681928365217,2,2024-10-31,2025-04-30
apt_market:zip:61100:2025-03-31,geo:zori:zip:08540,2025-03-31,0.0085089231082124,0.0274813007363765,0.004535804530853904,2,2024-10-31,2025-04-30
apt_market:zip:61100:2025-04-30,geo:zori:zip:08540,2025-04-30,-0.0036183508632083,-0.0118581404243585,0.0021528467527944127,2,2024-10-31,2025-04-30
apt_market:zip:61169:2024-11-30,geo:zori:zip:08753,2024-11-30,0.0015037404795927,0.0013536309099131,0.0027181074299039783,2,2024-10-31,2025-04-30
apt_market:zip:61169:2024-12-31,geo:zori:zip:08753,2024-12-31,0.0146653774342289,0.0236746676495744,0.004706365508410298,2,2024-10-31,2025-04-30
apt_market:zip:61169:2025-01-31,geo:zori:zip:08753,2025-01-31,-0.0043001619703115,0.0015037404795927,0.0037396652317183776,2,2024-10-31,2025-04-30
apt_market:zip:61169:2025-02-28,geo:zori:zip:08753,2025-02-28,-4.0035533724780414e-05,0.0146653774342289,0.003982629413226078,2,2024-10-31,2025-04-30
apt_market:zip:61169:2025-03-31,geo:zori:zip:08753,2025-03-31,0.0060186179426033,-0.0043001619703115,0.003758099755594711,2,2024-10-31,2025-04-30
apt_market:zip:61169:2025-04-30,geo:zori:zip:08753,2025-04-30,0.0180421697106236,-4.0035533724780414e-05,0.00280926111424715,2,2024-10-31,2025-04-30
apt_market:zip:61214:2024-11-30,geo:zori:zip:08854,2024-11-30,-0.0024060103418994,0.0049005834596289,0.0039275111936111105,2,2024-10-31,2025-04-30
apt_market:zip:61214:2024-12-31,geo:zori:zip:08854,2024-12-31,-0.0049374104455595,0.003477592207759,0.0027525611679680615,2,2024-10-31,2025-04-30
apt_market:zip:61214:2025-01-31,geo:zori:zip:08854,2025-01-31,-0.001616284520954,-0.0024060103418994,0.0026721930295892597,2,2024-10-31,2025-04-30
apt_market:zip:61214:2025-02-28,geo:zori:zip:08854,2025-02-28,0.0056979079165686,-0.0049374104455595,0.00333649893056884,2,2024-10-31,2025-04-30
apt_market:zip:61214:2025-03-31,geo:zori:zip:08854,2025-03-31,0.0173027596620292,-0.001616284520954,0.0037105802303470927,2,2024-10-31,2025-04-30
apt_market:zip:61214:2025-04-30,geo:zori:zip:08854,2025-04-30,0.0142016963533773,0.0056979079165686,0.0038962655477812894,2,2024-10-31,2025-04-30
apt_market:zip:61229:2024-11-30,geo:zori:zip:08873,2024-11-30,0.0021866295197423,-0.0124691831102535,0.0016257474376860852,2,2024-10-31,2025-04-30
apt_market:zip:61229:2024-12-31,geo:zori:zip:08873,2024-12-31,0.0124552373210142,-0.0142384946767144,0.002311891768586925,2,2024-10-31,2025-04-30
apt_market:zip:61229:2025-01-31,geo:zori:zip:08873,2025-01-31,0.0071168538085819,0.0021866295197423,0.003390647610115317,2,2024-10-31,2025-04-30
apt_market:zip:61229:2025-02-28,geo:zori:zip:08873,2025-02-28,-0.0002040333656703,0.0124552373210142,0.004857101434461528,2,2024-10-31,2025-04-30
apt_market:zip:61229:2025-03-31,geo:zori:zip:08873,2025-03-31,-0.0074713429000821,0.0071168538085819,0.0033603664923240444,2,2024-10-31,2025-04-30
apt_market:zip:61229:2025-04-30,geo:zori:zip:08873,2025-04-30,0.0064236058287163,-0.0002040333656703,0.0027847592559737786,2,2024-10-31,2025-04-30
apt_market:zip:61245:2024-11-30,geo:zori:zip:08901,2024-11-30,-0.009737492833304,-0.0023394303083574,0.002450341968325046,2,2024-10-31,2025-04-30
apt_market:zip:61245:2024-12-31,geo:zori:zip:08901,2024-12-31,0.0118782260648395,-0.0167466495994922,0.0018340598902870484,2,2024-10-31,2025-04-30
apt_market:zip:61245:2025-01-31,geo:zori:zip:08901,2025-01-31,-0.001153204429694,-0.009737492833304,0.00268080800605874,2,2024-10-31,2025-04-30
apt_market:zip:61245:2025-02-28,geo:zori:zip:08901,2025-02-28,-0.0055753704241156,0.0118782260648395,0.003663140131718992,2,2024-10-31,2025-04-30
apt_market:zip:61245:2025-03-31,geo:zori:zip:08901,2025-03-31,0.0004508765590063,-0.001153204429694,0.0028093477652855097,2,2024-10-31,2025-04-30
apt_market:zip:61245:2025-04-30,geo:zori:zip:08901,2025-04-30,0.0153825287512572,-0.0055753704241156,0.0023080881891550196,2,2024-10-31,2025-04-30
apt_market:zip:64180:2024-11-30,geo:zori:zip:15601,2024-11-30,0.0126082415077788,-0.022126671267709,0.003242322669626145,2,2024-10-31,2025-04-30
apt_market:zip:64180:2024-12-31,geo:zori:zip:15601,2024-12-31,0.0162410726266728,-0.0114464796112203,0.004881369264268538,2,2024-10-31,2025-04-30
apt_market:zip:64180:2025-01-31,geo:zori:zip:15601,2025-01-31,0.022069244543899,0.0126082415077788,0.006228492174604853,2,2024-10-31,2025-04-30
apt_market:zip:64180:2025-02-28,geo:zori:zip:15601,2025-02-28,0.0103304295484825,0.0162410726266728,0.0064065294125712135,2,2024-10-31,2025-04-30
apt_market:zip:64180:2025-03-31,geo:zori:zip:15601,2025-03-31,0.0094664966275439,0.022069244543899,0.0059865052110849816,2,2024-10-31,2025-04-30
apt_market:zip:64180:2025-04-30,geo:zori:zip:15601,2025-04-30,0.0117946454076929,0.0103304295484825,0.005691893111281312,2,2024-10-31,2025-04-30
apt_market:zip:64741:2024-11-30,geo:zori:zip:16801,2024-11-30,0.0034475954236421,0.0069564938980473,0.0046605165603641,2,2024-10-31,2025-04-30
apt_market:zip:64741:2024-12-31,geo:zori:zip:16801,2024-12-31,0.0003564226035734,0.004408220671551,0.004424251426499702,2,2024-10-31,2025-04-30
apt_market:zip:64741:2025-01-31,geo:zori:zip:16801,2025-01-31,0.0061371428472281,0.0034475954236421,0.0036374459513841646,2,2024-10-31,2025-04-30
apt_market:zip:64741:2025-02-28,geo:zori:zip:16801,2025-02-28,0.0147059140318275,0.0003564226035734,0.0037545499548289596,2,2024-10-31,2025-04-30
apt_market:zip:64741:2025-03-31,geo:zori:zip:16801,2025-03-31,0.0128940800150623,0.0061371428472281,0.004585480864407199,2,2024-10-31,2025-04-30
apt_market:zip:64741:2025-04-30,geo:zori:zip:16801,2025-04-30,-0.0074403450555656,0.0147059140318275,0.005335886376505428,2,2024-10-31,2025-04-30
apt_market:zip:65031:2024-11-30,geo:zori:zip:17331,2024-11-30,0.003108113497664,-0.0001489718241887,0.003949860154371266,2,2024-10-31,2025-04-30
apt_market:zip:65031:2024-12-31,geo:zori:zip:17331,2024-12-31,-0.0001096670294031,-0.0112443642995632,0.003250536115825137,2,2024-10-31,2025-04-30
apt_market:zip:65031:2025-01-31,geo:zori:zip:17331,2025-01-31,0.0144785421492412,0.003108113497664,0.004872975352479688,2,2024-10-31,2025-04-30
apt_market:zip:65031:2025-02-28,geo:zori:zip:17331,2025-02-28,0.0119163357129721,-0.0001096670294031,0.005286888411171135,2,2024-10-31,2025-04-30
apt_market:zip:65031:2025-03-31,geo:zori:zip:17331,2025-03-31,0.0024274635907535,0.0144785421492412,0.006158741398180189,2,2024-10-31,2025-04-30
apt_market:zip:65031:2025-04-30,geo:zori:zip:17331,2025-04-30,-0.0015949735351457,0.0119163357129721,0.005105750791126088,2,2024-10-31,2025-04-30
apt_market:zip:65131:2024-11-30,geo:zori:zip:17601,2024-11-30,-0.007134750612969,-0.0033154967334307,0.0034660205629215442,2,2024-10-31,2025-04-30
apt_market:zip:65131:2024-12-31,geo:zori:zip:17601,2024-12-31,-0.0096650778395478,-0.015162282489647,0.0026941031107435114,2,2024-10-31,2025-04-30
apt_market:zip:65131:2025-01-31,geo:zori:zip:17601,2025-01-31,0.030161271771343,-0.007134750612969,0.004302794646329685,2,2024-10-31,2025-04-30
apt_market:zip:65131:2025-02-28,geo:zori:zip:17601,2025-02-28,0.0110758279569342,-0.0096650778395478,0.0041619475321809166,2,2024-10-31,2025-04-30
apt_market:zip:65131:2025-03-31,geo:zori:zip:17601,2025-03-31,0.0115683142929989,0.030161271771343,0.006215544596712807,2,2024-10-31,2025-04-30
apt_market:zip:65131:2025-04-30,geo:zori:zip:17601,2025-04-30,-0.0074805158245123,0.0110758279569342,0.003995417803452755,2,2024-10-31,2025-04-30
apt_market:zip:65133:2024-11-30,geo:zori:zip:17603,2024-11-30,0.0032165591812531,0.0055666806771661,0.004447455771328059,2,2024-10-31,2025-04-30
apt_market:zip:65133:2024-12-31,geo:zori:zip:17603,2024-12-31,0.0142692258932295,0.0038214457300531,0.004956830631491306,2,2024-10-31,2025-04-30
apt_market:zip:65133:2025-01-31,geo:zori:zip:17603,2025-01-31,0.0137018631076788,0.0032165591812531,0.004614077220401061,2,2024-10-31,2025-04-30
apt_market:zip:65133:2025-02-28,geo:zori:zip:17603,2025-02-28,0.022461803576804,0.0142692258932295,0.005353692478361356,2,2024-10-31,2025-04-30
apt_market:zip:65133:2025-03-31,geo:zori:zip:17603,2025-03-31,-0.0069413420229146,0.0137018631076788,0.005234190689531308,2,2024-10-31,2025-04-30
apt_market:zip:65133:2025-04-30,geo:zori:zip:17603,2025-04-30,0.0026721454468299,0.022461803576804,0.006247534609585533,2,2024-10-31,2025-04-30
apt_market:zip:65701:2024-11-30,geo:zori:zip:19020,2024-11-30,0.00951279417436,-0.0082521797259775,0.003263776193265256,2,2024-10-31,2025-04-30
apt_market:zip:65701:2024-12-31,geo:zori:zip:19020,2024-12-31,-0.0009232085604202,-0.0117018473296177,0.003138850715602555,2,2024-10-31,2025-04-30
apt_market:zip:65701:2025-01-31,geo:zori:zip:19020,2025-01-31,-0.008661630145292,0.00951279417436,0.005383890579550176,2,2024-10-31,2025-04-30
apt_market:zip:65701:2025-02-28,geo:zori:zip:19020,2025-02-28,0.0060436630725593,-0.0009232085604202,0.003556451428594145,2,2024-10-31,2025-04-30
apt_market:zip:65701:2025-03-31,geo:zori:zip:19020,2025-03-31,0.0139079107580333,-0.008661630145292,0.004005927459627628,2,2024-10-31,2025-04-30
apt_market:zip:65701:2025-04-30,geo:zori:zip:19020,2025-04-30,-0.0034061809032427,0.0060436630725593,0.004793387514106711,2,2024-10-31,2025-04-30
apt_market:zip:65742:2024-11-30,geo:zori:zip:19067,2024-11-30,-0.0098655880916722,-0.0035442138296144,0.0024967314267809494,2,2024-10-31,2025-04-30
apt_market:zip:65742:2024-12-31,geo:zori:zip:19067,2024-12-31,-0.0035005228581518,-0.0107514725729015,0.002290549915368719,2,2024-10-31,2025-04-30
apt_market:zip:65742:2025-01-31,geo:zori:zip:19067,2025-01-31,0.0204973480769554,-0.0098655880916722,0.0031197274311062853,2,2024-10-31,2025-04-30
apt_market:zip:65742:2025-02-28,geo:zori:zip:19067,2025-02-28,0.0145939625133413,-0.0035005228581518,0.0038512429197205757,2,2024-10-31,2025-04-30
apt_market:zip:65742:2025-03-31,geo:zori:zip:19067,2025-03-31,0.0010920267982963,0.0204973480769554,0.005306342576217869,2,2024-10-31,2025-04-30
apt_market:zip:65742:2025-04-30,geo:zori:zip:19067,2025-04-30,-0.0054934923317627,0.0145939625133413,0.004959441959947703,2,2024-10-31,2025-04-30
apt_market:zip:65779:2024-11-30,geo:zori:zip:19111,2024-11-30,0.0011253100862553,-0.002864977142954,0.004427392187502309,2,2024-10-31,2025-04-30
apt_market:zip:65779:2024-12-31,geo:zori:zip:19111,2024-12-31,0.0112974383947372,0.0005102665205103,0.004616093126733225,2,2024-10-31,2025-04-30
apt_market:zip:65779:2025-01-31,geo:zori:zip:19111,2025-01-31,0.0062901080696475,0.0011253100862553,0.004341303673636412,2,2024-10-31,2025-04-30
apt_market:zip:65779:2025-02-28,geo:zori:zip:19111,2025-02-28,0.0051179104394207,0.0112974383947372,0.005378961221563108,2,2024-10-31,2025-04-30
apt_market:zip:65779:2025-03-31,geo:zori:zip:19111,2025-03-31,-0.0012455440662128,0.0062901080696475,0.005283978836058387,2,2024-10-31,2025-04-30
apt_market:zip:65779:2025-04-30,geo:zori:zip:19111,2025-04-30,0.0051684701102114,0.0051179104394207,0.005046912876399708,2,2024-10-31,2025-04-30
apt_market:zip:65787:2024-11-30,geo:zori:zip:19120,2024-11-30,-0.005113257657539,0.005144575020513,0.005963454726903489,2,2024-10-31,2025-04-30
apt_market:zip:65787:2024-12-31,geo:zori:zip:19120,2024-12-31,-0.0019668721992895,0.0108037068986535,0.0051350302061139545,2,2024-10-31,2025-04-30
apt_market:zip:65787:2025-01-31,geo:zori:zip:19120,2025-01-31,0.0060217191907172,-0.005113257657539,0.005338741631232703,2,2024-10-31,2025-04-30
apt_market:zip:65787:2025-02-28,geo:zori:zip:19120,2025-02-28,0.0236696298238412,-0.0019668721992895,0.0037165405043643553,2,2024-10-31,2025-04-30
apt_market:zip:65787:2025-03-31,geo:zori:zip:19120,2025-03-31,-0.0012635032491619,0.0060217191907172,0.004748781463420053,2,2024-10-31,2025-04-30
apt_market:zip:65787:2025-04-30,geo:zori:zip:19120,2025-04-30,-0.0147372048537696,0.0236696298238412,0.005726082875010977,2,2024-10-31,2025-04-30
apt_market:zip:65791:2024-11-30,geo:zori:zip:19124,2024-11-30,0.0144618333164068,0.0052841332953923,0.0049846512122374296,2,2024-10-31,2025-04-30
apt_market:zip:65791:2024-12-31,geo:zori:zip:19124,2024-12-31,-0.0018239339986294,0.0078590301866723,0.006034541256807734,2,2024-10-31,2025-04-30
apt_market:zip:65791:2025-01-31,geo:zori:zip:19124,2025-01-31,0.0211032713462839,0.0144618333164068,0.005471569504988277,2,2024-10-31,2025-04-30
apt_market:zip:65791:2025-02-28,geo:zori:zip:19124,2025-02-28,-0.0105833504363483,-0.0018239339986294,0.004604445809234022,2,2024-10-31,2025-04-30
apt_market:zip:65791:2025-03-31,geo:zori:zip:19124,2025-03-31,0.0106669133963668,0.0211032713462839,0.004944714386449085,2,2024-10-31,2025-04-30
apt_market:zip:65791:2025-04-30,geo:zori:zip:19124,2025-04-30,0.0026603030133351,-0.0105833504363483,0.004084037723519528,2,2024-10-31,2025-04-30
apt_market:zip:65801:2024-11-30,geo:zori:zip:19134,2024-11-30,0.0103310108448737,0.0063458405172818,0.004920372477660307,2,2024-10-31,2025-04-30
apt_market:zip:65801:2024-12-31,geo:zori:zip:19134,2024-12-31,0.0042944541584619,0.0079597231546373,0.004980946065716128,2,2024-10-31,2025-04-30
apt_market:zip:65801:2025-01-31,geo:zori:zip:19134,2025-01-31,-0.0110497182789217,0.0103310108448737,0.005037128638556984,2,2024-10-31,2025-04-30
apt_market:zip:65801:2025-02-28,geo:zori:zip:19134,2025-02-28,0.0041199083760201,0.0042944541584619,0.004639369626755374,2,2024-10-31,2025-04-30
apt_market:zip:65801:2025-03-31,geo:zori:zip:19134,2025-03-31,-0.0090603456576299,-0.0110497182789217,0.0036146337585888297,2,2024-10-31,2025-04-30
apt_market:zip:65801:2025-04-30,geo:zori:zip:19134,2025-04-30,0.0183900270114061,0.0041199083760201,0.00479236445104781,2,2024-10-31,2025-04-30
apt_market:zip:65810:2024-11-30,geo:zori:zip:19143,2024-11-30,0.0184781905344628,0.0085082979678803,0.004751361377864758,2,2024-10-31,2025-04-30
apt_market:zip:65810:2024-12-31,geo:zori:zip:19143,2024-12-31,0.0041967209329152,0.0039692283909127,0.004674044194208076,2,2024-10-31,2025-04-30
apt_market:zip:65810:2025-01-31,geo:zori:zip:19143,2025-01-31,0.0040692432648208,0.0184781905344628,0.005878245381803484,2,2024-10-31,2025-04-30
apt_market:zip:65810:2025-02-28,geo:zori:zip:19143,2025-02-28,-0.0096331873799277,0.0041967209329152,0.00467116242874437,2,2024-10-31,2025-04-30
apt_market:zip:65810:2025-03-31,geo:zori:zip:19143,2025-03-31,0.0020398229472455,0.0040692432648208,0.005007351679103458,2,2024-10-31,2025-04-30
apt_market:zip:65810:2025-04-30,geo:zori:zip:19143,2025-04-30,-0.0023993452982828,-0.0096331873799277,0.0036145881943338786,2,2024-10-31,2025-04-30
apt_market:zip:65816:2024-11-30,geo:zori:zip:19149,2024-11-30,-0.0005024068993992,0.0173242226546876,0.006680485680097149,2,2024-10-31,2025-04-30
apt_market:zip:65816:2024-12-31,geo:zori:zip:19149,2024-12-31,0.0235198292462408,0.0034511881252856,0.005331298295758001,2,2024-10-31,2025-04-30
apt_market:zip:65816:2025-01-31,geo:zori:zip:19149,2025-01-31,0.0017410127893706,-0.0005024068993992,0.0042323646990117415,2,2024-10-31,2025-04-30
apt_market:zip:65816:2025-02-28,geo:zori:zip:19149,2025-02-28,0.0124004976977216,0.0235198292462408,0.006147502608203419,2,2024-10-31,2025-04-30
apt_market:zip:65816:2025-03-31,geo:zori:zip:19149,2025-03-31,-0.0308911168540795,0.0017410127893706,0.0038194309475713443,2,2024-10-31,2025-04-30
apt_market:zip:65816:2025-04-30,geo:zori:zip:19149,2025-04-30,-0.0008993492189204,0.0124004976977216,0.004340649052255688,2,2024-10-31,2025-04-30
apt_market:zip:65859:2024-11-30,geo:zori:zip:19320,2024-11-30,-0.0270724247737892,0.0168772197947695,0.005794815897349185,2,2024-10-31,2025-04-30
apt_market:zip:65859:2024-12-31,geo:zori:zip:19320,2024-12-31,0.0104754389807182,-0.0019300032211769,0.004598165586524441,2,2024-10-31,2025-04-30
apt_market:zip:65859:2025-01-31,geo:zori:zip:19320,2025-01-31,0.0123402941170125,-0.0270724247737892,0.0025172435465091055,2,2024-10-31,2025-04-30
apt_market:zip:65859:2025-02-28,geo:zori:zip:19320,2025-02-28,0.0456517138130694,0.0104754389807182,0.004670159145102088,2,2024-10-31,2025-04-30
apt_market:zip:65859:2025-03-31,geo:zori:zip:19320,2025-03-31,-0.0335116403427716,0.0123402941170125,0.004901588286463859,2,2024-10-31,2025-04-30
apt_market:zip:65859:2025-04-30,geo:zori:zip:19320,2025-04-30,0.0067018312101192,0.0456517138130694,0.00679406744427901,2,2024-10-31,2025-04-30
apt_market:zip:65897:2024-11-30,geo:zori:zip:19382,2024-11-30,0.0079134601990251,-0.0068785847668699,0.0026519917506160357,2,2024-10-31,2025-04-30
apt_market:zip:65897:2024-12-31,geo:zori:zip:19382,2024-12-31,0.0191939760334787,-0.0031728277307286,0.0032706022410564275,2,2024-10-31,2025-04-30
apt_market:zip:65897:2025-01-31,geo:zori:zip:19382,2025-01-31,0.0110842748135697,0.0079134601990251,0.004947293980101869,2,2024-10-31,2025-04-30
apt_market:zip:65897:2025-02-28,geo:zori:zip:19382,2025-02-28,-0.0087383092174621,0.0191939760334787,0.005750461624500193,2,2024-10-31,2025-04-30
apt_market:zip:65897:2025-03-31,geo:zori:zip:19382,2025-03-31,-0.0024123363603418,0.0110842748135697,0.004995122861889319,2,2024-10-31,2025-04-30
apt_market:zip:65897:2025-04-30,geo:zori:zip:19382,2025-04-30,0.0060104961269178,-0.0087383092174621,0.0034033040959243472,2,2024-10-31,2025-04-30
apt_market:zip:65933:2024-11-30,geo:zori:zip:19446,2024-11-30,0.000305803928887,-0.0020101873936011,0.0033139230742682754,2,2024-10-31,2025-04-30
apt_market:zip:65933:2024-12-31,geo:zori:zip:19446,2024-12-31,-0.006895529340875,-0.0015980045109307,0.0024417249145057838,2,2024-10-31,2025-04-30
apt_market:zip:65933:2025-01-31,geo:zori:zip:19446,2025-01-31,0.011170964715808,0.000305803928887,0.004057126866756487,2,2024-10-31,2025-04-30
apt_market:zip:65933:2025-02-28,geo:zori:zip:19446,2025-02-28,0.0138299978848577,-0.006895529340875,0.003481424886750543,2,2024-10-31,2025-04-30
apt_market:zip:65933:2025-03-31,geo:zori:zip:19446,2025-03-31,4.011369756584671e-06,0.011170964715808,0.0049462897815901645,2,2024-10-31,2025-04-30
apt_market:zip:65933:2025-04-30,geo:zori:zip:19446,2025-04-30,0.0051570444242949,0.0138299978848577,0.004768677665793113,2,2024-10-31,2025-04-30
apt_market:zip:66043:2024-11-30,geo:zori:zip:19720,2024-11-30,0.0226210397174355,0.00881322410032,0.0053740104497089275,2,2024-10-31,2025-04-30
apt_market:zip:66043:2024-12-31,geo:zori:zip:19720,2024-12-31,-0.0232479825511392,-0.0034338607172769,0.004823419735666287,2,2024-10-31,2025-04-30
apt_market:zip:66043:2025-01-31,geo:zori:zip:19720,2025-01-31,0.0233163424996949,0.0226210397174355,0.005481959451333519,2,2024-10-31,2025-04-30
apt_market:zip:66043:2025-02-28,geo:zori:zip:19720,2025-02-28,0.0133902637600973,-0.0232479825511392,0.0022682924072513926,2,2024-10-31,2025-04-30
apt_market:zip:66043:2025-03-31,geo:zori:zip:19720,2025-03-31,0.014615547532359,0.0233163424996949,0.0049526337571024785,2,2024-10-31,2025-04-30
apt_market:zip:66043:2025-04-30,geo:zori:zip:19720,2025-04-30,-0.0112626499071335,0.0133902637600973,0.006661457714836873,2,2024-10-31,2025-04-30
apt_market:zip:60518:2024-05-31,geo:zori:zip:07002,2024-05-31,0.0054516879813251,0.0184342197520415,0.005400083080133468,3,2024-04-30,2024-10-30
apt_market:zip:60518:2024-06-30,geo:zori:zip:07002,2024-06-30,-0.0076652054111778,0.0146626578947219,0.004920822156654298,3,2024-04-30,2024-10-30
apt_market:zip:60518:2024-07-31,geo:zori:zip:07002,2024-07-31,-0.00021550214324,0.0054516879813251,0.004252149177240229,3,2024-04-30,2024-10-30
apt_market:zip:60518:2024-08-31,geo:zori:zip:07002,2024-08-31,0.005927980620842,-0.0076652054111778,0.0032391547072878448,3,2024-04-30,2024-10-30
apt_market:zip:60518:2024-09-30,geo:zori:zip:07002,2024-09-30,0.0063073108337294,-0.00021550214324,0.0038915225734579414,3,2024-04-30,2024-10-30
apt_market:zip:60560:2024-05-31,geo:zori:zip:07047,2024-05-31,0.0039675441503124,0.0035912172201912,0.0034169326123054964,3,2024-04-30,2024-10-30
apt_market:zip:60560:2024-06-30,geo:zori:zip:07047,2024-06-30,-0.0114902547724712,0.0104193472659865,0.00465079335098462,3,2024-04-30,2024-10-30
apt_market:zip:60560:2024-07-31,geo:zori:zip:07047,2024-07-31,0.0029806836314547,0.0039675441503124,0.0037946764743404054,3,2024-04-30,2024-10-30
apt_market:zip:60560:2024-08-31,geo:zori:zip:07047,2024-08-31,-0.0028064894340406,-0.0114902547724712,0.002915203226736306,3,2024-04-30,2024-10-30
apt_market:zip:60560:2024-09-30,geo:zori:zip:07047,2024-09-30,0.0115879947089243,0.0029806836314547,0.0038794836655376584,3,2024-04-30,2024-10-30
apt_market:zip:60592:2024-05-31,geo:zori:zip:07083,2024-05-31,0.0108634522124997,-0.0013720269330694,0.003920340867062035,3,2024-04-30,2024-10-30
apt_market:zip:60592:2024-06-30,geo:zori:zip:07083,2024-06-30,-0.0076581590099701,0.0096588802762853,0.005029760713809357,3,2024-04-30,2024-10-30
apt_market:zip:60592:2024-07-31,geo:zori:zip:07083,2024-07-31,0.0194223594941052,0.0108634522124997,0.004458900061592488,3,2024-04-30,2024-10-30
apt_market:zip:60592:2024-08-31,geo:zori:zip:07083,2024-08-31,0.0143459977716995,-0.0076581590099701,0.0035797828690796525,3,2024-04-30,2024-10-30
apt_market:zip:60592:2024-09-30,geo:zori:zip:07083,2024-09-30,0.011344454122762,0.0194223594941052,0.004914017688371698,3,2024-04-30,2024-10-30
apt_market:zip:60594:2024-05-31,geo:zori:zip:07087,2024-05-31,0.0109182216418615,-0.0033466729440727,0.003475301263685298,3,2024-04-30,2024-10-30
apt_market:zip:60594:2024-06-30,geo:zori:zip:07087,2024-06-30,0.0025726057022996,-0.0012343657698256,0.003498203811461959,3,2024-04-30,2024-10-30
apt_market:zip:60594:2024-07-31,geo:zori:zip:07087,2024-07-31,0.0131601198202981,0.0109182216418615,0.005370965784241194,3,2024-04-30,2024-10-30
apt_market:zip:60594:2024-08-31,geo:zori:zip:07087,2024-08-31,-0.0027740118679955,0.0025726057022996,0.004254876356777241,3,2024-04-30,2024-10-30
apt_market:zip:60594:2024-09-30,geo:zori:zip:07087,2024-09-30,0.0121521480945958,0.0131601198202981,0.0050338154212578754,3,2024-04-30,2024-10-30
apt_market:zip:60599:2024-05-31,geo:zori:zip:07093,2024-05-31,0.0121002752270162,0.0040693374200266,0.004383646726064496,3,2024-04-30,2024-10-30
apt_market:zip:60599:2024-06-30,geo:zori:zip:07093,2024-06-30,-0.0133612026243531,0.0070178642995322,0.004148955879484187,3,2024-04-30,2024-10-30
apt_market:zip:60599:2024-07-31,geo:zori:zip:07093,2024-07-31,0.0122548118308454,0.0121002752270162,0.004555104759426696,3,2024-04-30,2024-10-30
apt_market:zip:60599:2024-08-31,geo:zori:zip:07093,2024-08-31,0.0047776352522492,-0.0133612026243531,0.0026824302484962947,3,2024-04-30,2024-10-30
apt_market:zip:60599:2024-09-30,geo:zori:zip:07093,2024-09-30,0.0202978304363257,0.0122548118308454,0.0046310775154304136,3,2024-04-30,2024-10-30
apt_market:zip:60608:2024-05-31,geo:zori:zip:07104,2024-05-31,0.0034592439359588,0.0281883825341042,0.006113418058779037,3,2024-04-30,2024-10-30
apt_market:zip:60608:2024-06-30,geo:zori:zip:07104,2024-06-30,-0.0017940961098538,0.0113569638221602,0.005092055147226412,3,2024-04-30,2024-10-30
apt_market:zip:60608:2024-07-31,geo:zori:zip:07104,2024-07-31,-0.0045808217025716,0.0034592439359588,0.004005826972062542,3,2024-04-30,2024-10-30
apt_market:zip:60608:2024-08-31,geo:zori:zip:07104,2024-08-31,0.0052984521356527,-0.0017940961098538,0.004307558149413535,3,2024-04-30,2024-10-30
apt_market:zip:60608:2024-09-30,geo:zori:zip:07104,2024-09-30,-0.0104991603613822,-0.0045808217025716,0.004028687593739007,3,2024-04-30,2024-10-30
apt_market:zip:60615:2024-05-31,geo:zori:zip:07111,2024-05-31,0.0143979276836123,-0.0109169864466514,0.0033700867142568095,3,2024-04-30,2024-10-30
apt_market:zip:60615:2024-06-30,geo:zori:zip:07111,2024-06-30,0.0103388491774438,0.0221361466907317,0.006986445715650083,3,2024-04-30,2024-10-30
apt_market:zip:60615:2024-07-31,geo:zori:zip:07111,2024-07-31,0.0066758035956218,0.0143979276836123,0.005504274382826994,3,2024-04-30,2024-10-30
apt_market:zip:60615:2024-08-31,geo:zori:zip:07111,2024-08-31,0.0077406002589406,0.0103388491774438,0.005082891696068129,3,2024-04-30,2024-10-30
apt_market:zip:60615:2024-09-30,geo:zori:zip:07111,2024-09-30,0.0242822824463651,0.0066758035956218,0.004300819520812301,3,2024-04-30,2024-10-30
apt_market:zip:60642:2024-05-31,geo:zori:zip:07305,2024-05-31,0.0119026935828003,0.009102744263792,0.004961386035294677,3,2024-04-30,2024-10-30
apt_market:zip:60642:2024-06-30,geo:zori:zip:07305,2024-06-30,0.0019279703355008,0.0061238629580804,0.004572116745858381,3,2024-04-30,2024-10-30
apt_market:zip:60642:2024-07-31,geo:zori:zip:07305,2024-07-31,0.000515451965076,0.0119026935828003,0.005107872408414469,3,2024-04-30,2024-10-30
apt_market:zip:60642:2024-08-31,geo:zori:zip:07305,2024-08-31,-0.0106115637859725,0.0019279703355008,0.004177955147449439,3,2024-04-30,2024-10-30
apt_market:zip:60642:2024-09-30,geo:zori:zip:07305,2024-09-30,0.0031441792288859,0.000515451965076,0.003892793610817995,3,2024-04-30,2024-10-30
apt_market:zip:60643:2024-05-31,geo:zori:zip:07306,2024-05-31,0.0117569234631269,-0.006539038595386,0.0033791436505416516,3,2024-04-30,2024-10-30
apt_market:zip:60643:2024-06-30,geo:zori:zip:07306,2024-06-30,0.0178815988244536,0.0019681587981212,0.0036795914136770937,3,2024-04-30,2024-10-30
apt_market:zip:60643:2024-07-31,geo:zori:zip:07306,2024-07-31,0.0028596961700892,0.0117569234631269,0.0043549417766605945,3,2024-04-30,2024-10-30
apt_market:zip:60643:2024-08-31,geo:zori:zip:07306,2024-08-31,0.0062489273829207,0.0178815988244536,0.005000075063866105,3,2024-04-30,2024-10-30
apt_market:zip:60643:2024-09-30,geo:zori:zip:07306,2024-09-30,-0.0075981931920271,0.0028596961700892,0.003815651399236259,3,2024-04-30,2024-10-30
apt_market:zip:60776:2024-05-31,geo:zori:zip:07728,2024-05-31,0.0021754744876656,0.000385525104346,0.003907236498602362,3,2024-04-30,2024-10-30
apt_market:zip:60776:2024-06-30,geo:zori:zip:07728,2024-06-30,0.0033882045147191,0.004386947375033,0.0037609124092102104,3,2024-04-30,2024-10-30
apt_market:zip:60776:2024-07-31,geo:zori:zip:07728,2024-07-31,0.0339400296416183,0.0021754744876656,0.0031103489684991227,3,2024-04-30,2024-10-30
apt_market:zip:60776:2024-08-31,geo:zori:zip:07728,2024-08-31,0.0073645195265188,0.0033882045147191,0.0033926323249940877,3,2024-04-30,2024-10-30
apt_market:zip:60776:2024-09-30,geo:zori:zip:07728,2024-09-30,-0.0017808080738528,0.0339400296416183,0.005983978841896,3,2024-04-30,2024-10-30
apt_market:zip:61100:2024-05-31,geo:zori:zip:08540,2024-05-31,0.0113977386729977,0.0118873548473772,0.0038669260337575633,3,2024-04-30,2024-10-30
apt_market:zip:61100:2024-06-30,geo:zori:zip:08540,2024-06-30,0.0115897284006223,0.0077886114740175,0.0034538779343407846,3,2024-04-30,2024-10-30
apt_market:zip:61100:2024-07-31,geo:zori:zip:08540,2024-07-31,-0.0104446985387668,0.0113977386729977,0.0038686712988123904,3,2024-04-30,2024-10-30
apt_market:zip:61100:2024-08-31,geo:zori:zip:08540,2024-08-31,-0.0082693473089303,0.0115897284006223,0.003458259157765462,3,2024-04-30,2024-10-30
apt_market:zip:61100:2024-09-30,geo:zori:zip:08540,2024-09-30,-0.0103880700611165,-0.0104446985387668,0.0015767599456657266,3,2024-04-30,2024-10-30
apt_market:zip:61169:2024-05-31,geo:zori:zip:08753,2024-05-31,-0.0235841307227269,0.0015978998660799,0.004037148835513582,3,2024-04-30,2024-10-30
apt_market:zip:61169:2024-06-30,geo:zori:zip:08753,2024-06-30,0.0025093359979146,0.0082738865179206,0.0038981667747185855,3,2024-04-30,2024-10-30
apt_market:zip:61169:2024-07-31,geo:zori:zip:08753,2024-07-31,-0.0052964190373391,-0.0235841307227269,0.0012114539809989005,3,2024-04-30,2024-10-30
apt_market:zip:61169:2024-08-31,geo:zori:zip:08753,2024-08-31,0.0140549394139821,0.0025093359979146,0.003377713975606889,3,2024-04-30,2024-10-30
apt_market:zip:61169:2024-09-30,geo:zori:zip:08753,2024-09-30,0.0013536309099131,-0.0052964190373391,0.0029358768943438898,3,2024-04-30,2024-10-30
apt_market:zip:61214:2024-05-31,geo:zori:zip:08854,2024-05-31,0.0095927453600179,0.0067007573724768,0.0039159329725900515,3,2024-04-30,2024-10-30
apt_market:zip:61214:2024-06-30,geo:zori:zip:08854,2024-06-30,0.0068167078385439,-0.001680550904941,0.0034873472324300943,3,2024-04-30,2024-10-30
apt_market:zip:61214:2024-07-31,geo:zori:zip:08854,2024-07-31,-0.006337432214966,0.0095927453600179,0.003905252596147277,3,2024-04-30,2024-10-30
apt_market:zip:61214:2024-08-31,geo:zori:zip:08854,2024-08-31,0.0063510595329234,0.0068167078385439,0.003975683930907995,3,2024-04-30,2024-10-30
apt_market:zip:61214:2024-09-30,geo:zori:zip:08854,2024-09-30,0.0049005834596289,-0.006337432214966,0.003147250539315808,3,2024-04-30,2024-10-30
apt_market:zip:61229:2024-05-31,geo:zori:zip:08873,2024-05-31,0.0134407107810414,-0.0032870125836312,0.003679755806659668,3,2024-04-30,2024-10-30
apt_market:zip:61229:2024-06-30,geo:zori:zip:08873,2024-06-30,0.0165530142660241,0.0023564080543074,0.004499971878202265,3,2024-04-30,2024-10-30
apt_market:zip:61229:2024-07-31,geo:zori:zip:08873,2024-07-31,0.0080417830214871,0.0134407107810414,0.005617595159806145,3,2024-04-30,2024-10-30
apt_market:zip:61229:2024-08-31,geo:zori:zip:08873,2024-08-31,8.923844443264883e-05,0.0165530142660241,0.004973767361560017,3,2024-04-30,2024-10-30
apt_market:zip:61229:2024-09-30,geo:zori:zip:08873,2024-09-30,-0.0124691831102535,0.0080417830214871,0.0037120726755337586,3,2024-04-30,2024-10-30
apt_market:zip:61245:2024-05-31,geo:zori:zip:08901,2024-05-31,0.012391771067119,-0.0041300742894749,0.0036427691433870858,3,2024-04-30,2024-10-30
apt_market:zip:61245:2024-06-30,geo:zori:zip:08901,2024-06-30,0.0173002836344335,0.0086725952544528,0.003967328374585297,3,2024-04-30,2024-10-30
apt_market:zip:61245:2024-07-31,geo:zori:zip:08901,2024-07-31,0.0289565976784622,0.012391771067119,0.0040789856912953,3,2024-04-30,2024-10-30
apt_market:zip:61245:2024-08-31,geo:zori:zip:08901,2024-08-31,0.0244072137985913,0.0173002836344335,0.004203022143379227,3,2024-04-30,2024-10-30
apt_market:zip:61245:2024-09-30,geo:zori:zip:08901,2024-09-30,-0.0023394303083574,0.0289565976784622,0.0050037392382865815,3,2024-04-30,2024-10-30
apt_market:zip:64180:2024-05-31,geo:zori:zip:15601,2024-05-31,-0.0005494719123206,0.0095773760142545,0.005807345531533992,3,2024-04-30,2024-10-30
apt_market:zip:64180:2024-06-30,geo:zori:zip:15601,2024-06-30,0.0179421866310172,0.0006802641285785,0.004773806213280978,3,2024-04-30,2024-10-30
apt_market:zip:64180:2024-07-31,geo:zori:zip:15601,2024-07-31,0.0113442166243384,-0.0005494719123206,0.004789621863181285,3,2024-04-30,2024-10-30
apt_market:zip:64180:2024-08-31,geo:zori:zip:15601,2024-08-31,0.0025893772785359,0.0179421866310172,0.006248424759982467,3,2024-04-30,2024-10-30
apt_market:zip:64180:2024-09-30,geo:zori:zip:15601,2024-09-30,-0.022126671267709,0.0113442166243384,0.005785070541703264,3,2024-04-30,2024-10-30
apt_market:zip:64741:2024-05-31,geo:zori:zip:16801,2024-05-31,0.0163010410265864,0.0080677310011225,0.0054813222126549425,3,2024-04-30,2024-10-30
apt_market:zip:64741:2024-06-30,geo:zori:zip:16801,2024-06-30,0.0042761186454625,0.014296455454114,0.00411743927239938,3,2024-04-30,2024-10-30
apt_market:zip:64741:2024-07-31,geo:zori:zip:16801,2024-07-31,-0.003528495491079,0.0163010410265864,0.004912753807970849,3,2024-04-30,2024-10-30
apt_market:zip:64741:2024-08-31,geo:zori:zip:16801,2024-08-31,-0.0183731131117435,0.0042761186454625,0.0043881072695793185,3,2024-04-30,2024-10-30
apt_market:zip:64741:2024-09-30,geo:zori:zip:16801,2024-09-30,0.0069564938980473,-0.003528495491079,0.003964121290893528,3,2024-04-30,2024-10-30
apt_market:zip:65031:2024-05-31,geo:zori:zip:17331,2024-05-31,-0.0086115726645951,-0.003043628311286,0.004573150578138581,3,2024-04-30,2024-10-30
apt_market:zip:65031:2024-06-30,geo:zori:zip:17331,2024-06-30,0.0052830573267557,0.0014585762855237,0.00447026769177329,3,2024-04-30,2024-10-30
apt_market:zip:65031:2024-07-31,geo:zori:zip:17331,2024-07-31,0.0069492652758353,-0.0086115726645951,0.00359120700779549,3,2024-04-30,2024-10-30
apt_market:zip:65031:2024-08-31,geo:zori:zip:17331,2024-08-31,0.0003254726872095,0.0052830573267557,0.004859508647423847,3,2024-04-30,2024-10-30
apt_market:zip:65031:2024-09-30,geo:zori:zip:17331,2024-09-30,-0.0001489718241887,0.0069492652758353,0.005656830222927067,3,2024-04-30,2024-10-30
apt_market:zip:65131:2024-06-30,geo:zori:zip:17601,2024-06-30,0.016958652646593,0.0022401358001742,0.004994986339734215,3,2024-04-30,2024-10-30
apt_market:zip:65131:2024-07-31,geo:zori:zip:17601,2024-07-31,0.0062636701221585,0.0024111628822556,0.004998170386170698,3,2024-04-30,2024-10-30
apt_market:zip:65131:2024-08-31,geo:zori:zip:17601,2024-08-31,0.009261466306391,0.016958652646593,0.005308177811490936,3,2024-04-30,2024-10-30
apt_market:zip:65131:2024-09-30,geo:zori:zip:17601,2024-09-30,-0.0033154967334307,0.0062636701221585,0.004707989844185011,3,2024-04-30,2024-10-30
apt_market:zip:65133:2024-05-31,geo:zori:zip:17603,2024-05-31,0.0019631956668224,0.0147034397970129,0.0051124521000546095,3,2024-04-30,2024-10-30
apt_market:zip:65133:2024-06-30,geo:zori:zip:17603,2024-06-30,0.0009059799068349,0.0117380550850574,0.004819032196601119,3,2024-04-30,2024-10-30
apt_market:zip:65133:2024-07-31,geo:zori:zip:17603,2024-07-31,0.001101765675836,0.0019631956668224,0.004371163563922472,3,2024-04-30,2024-10-30
apt_market:zip:65133:2024-08-31,geo:zori:zip:17603,2024-08-31,-0.0015986749155468,0.0009059799068349,0.004927112222373031,3,2024-04-30,2024-10-30
apt_market:zip:65133:2024-09-30,geo:zori:zip:17603,2024-09-30,0.0055666806771661,0.001101765675836,0.004839615441916966,3,2024-04-30,2024-10-30
apt_market:zip:65701:2024-05-31,geo:zori:zip:19020,2024-05-31,-0.0044270106837644,0.005676592130275,0.005039791595947147,3,2024-04-30,2024-10-30
apt_market:zip:65701:2024-06-30,geo:zori:zip:19020,2024-06-30,-0.0013037462117129,0.0263960379176799,0.005960325293689871,3,2024-04-30,2024-10-30
apt_market:zip:65701:2024-07-31,geo:zori:zip:19020,2024-07-31,0.0149597730327846,-0.0044270106837644,0.004203139335038122,3,2024-04-30,2024-10-30
apt_market:zip:65701:2024-08-31,geo:zori:zip:19020,2024-08-31,-0.0115908631213969,-0.0013037462117129,0.004482990908013002,3,2024-04-30,2024-10-30
apt_market:zip:65701:2024-09-30,geo:zori:zip:19020,2024-09-30,-0.0082521797259775,0.0149597730327846,0.006199147304832106,3,2024-04-30,2024-10-30
apt_market:zip:65742:2024-05-31,geo:zori:zip:19067,2024-05-31,-0.0069070612468674,0.0122590097115464,0.005364930166277028,3,2024-04-30,2024-10-30
apt_market:zip:65742:2024-06-30,geo:zori:zip:19067,2024-06-30,0.0068601306492903,0.0137275999297425,0.006200385136244013,3,2024-04-30,2024-10-30
apt_market:zip:65742:2024-07-31,geo:zori:zip:19067,2024-07-31,0.0014177294374886,-0.0069070612468674,0.0028515314178520507,3,2024-04-30,2024-10-30
apt_market:zip:65742:2024-08-31,geo:zori:zip:19067,2024-08-31,0.0219502169496756,0.0068601306492903,0.004063159080239253,3,2024-04-30,2024-10-30
apt_market:zip:65742:2024-09-30,geo:zori:zip:19067,2024-09-30,-0.0035442138296144,0.0014177294374886,0.003403127760463948,3,2024-04-30,2024-10-30
apt_market:zip:65779:2024-05-31,geo:zori:zip:19111,2024-05-31,0.0060691050996151,0.0123812638915277,0.005756076093182877,3,2024-04-30,2024-10-30
apt_market:zip:65779:2024-06-30,geo:zori:zip:19111,2024-06-30,0.0139708997807461,-0.0048736708725637,0.004861213626862238,3,2024-04-30,2024-10-30
apt_market:zip:65779:2024-07-31,geo:zori:zip:19111,2024-07-31,0.001488469926282,0.0060691050996151,0.004807304289749974,3,2024-04-30,2024-10-30
apt_market:zip:65779:2024-08-31,geo:zori:zip:19111,2024-08-31,0.0017312185135589,0.0139708997807461,0.005605392989249184,3,2024-04-30,2024-10-30
apt_market:zip:65779:2024-09-30,geo:zori:zip:19111,2024-09-30,-0.002864977142954,0.001488469926282,0.004518626100352982,3,2024-04-30,2024-10-30
apt_market:zip:65787:2024-05-31,geo:zori:zip:19120,2024-05-31,-0.0046780263972371,-0.0038163131700095,0.003644693494702507,3,2024-04-30,2024-10-30
apt_market:zip:65787:2024-06-30,geo:zori:zip:19120,2024-06-30,0.0033939716562851,0.011932560442974,0.005545701838308902,3,2024-04-30,2024-10-30
apt_market:zip:65787:2024-07-31,geo:zori:zip:19120,2024-07-31,0.0068488388083629,-0.0046780263972371,0.0055559875228600245,3,2024-04-30,2024-10-30
apt_market:zip:65787:2024-08-31,geo:zori:zip:19120,2024-08-31,9.905718827418752e-05,0.0033939716562851,0.0041571895716833885,3,2024-04-30,2024-10-30
apt_market:zip:65787:2024-09-30,geo:zori:zip:19120,2024-09-30,0.005144575020513,0.0068488388083629,0.006199290861491935,3,2024-04-30,2024-10-30
apt_market:zip:65791:2024-05-31,geo:zori:zip:19124,2024-05-31,0.0096078505006829,0.0073004531104667,0.00542795448864526,3,2024-04-30,2024-10-30
apt_market:zip:65791:2024-06-30,geo:zori:zip:19124,2024-06-30,0.0060849771819746,0.0014547567948588,0.004941097705018517,3,2024-04-30,2024-10-30
apt_market:zip:65791:2024-07-31,geo:zori:zip:19124,2024-07-31,-0.0042832481987841,0.0096078505006829,0.0052954945947100325,3,2024-04-30,2024-10-30
apt_market:zip:65791:2024-08-31,geo:zori:zip:19124,2024-08-31,-0.0025238902718811,0.0060849771819746,0.005791396450661486,3,2024-04-30,2024-10-30
apt_market:zip:65791:2024-09-30,geo:zori:zip:19124,2024-09-30,0.0052841332953923,-0.0042832481987841,0.0046597619588092856,3,2024-04-30,2024-10-30
apt_market:zip:65801:2024-05-31,geo:zori:zip:19134,2024-05-31,0.0064010087041272,0.002736600920224,0.005064793633613627,3,2024-04-30,2024-10-30
apt_market:zip:65801:2024-06-30,geo:zori:zip:19134,2024-06-30,0.0068120851333357,0.0200716979902644,0.005523425220073546,3,2024-04-30,2024-10-30
apt_market:zip:65801:2024-07-31,geo:zori:zip:19134,2024-07-31,-0.0046998874329081,0.0064010087041272,0.0045754141566077995,3,2024-04-30,2024-10-30
apt_market:zip:65801:2024-08-31,geo:zori:zip:19134,2024-08-31,-0.004932081085724,0.0068120851333357,0.005093019260552634,3,2024-04-30,2024-10-30
apt_market:zip:65801:2024-09-30,geo:zori:zip:19134,2024-09-30,0.0063458405172818,-0.0046998874329081,0.0050265091452384066,3,2024-04-30,2024-10-30
apt_market:zip:65810:2024-05-31,geo:zori:zip:19143,2024-05-31,-0.0053552147903185,0.0004286862288496,0.004873797351072908,3,2024-04-30,2024-10-30
apt_market:zip:65810:2024-06-30,geo:zori:zip:19143,2024-06-30,0.0014788407141721,-0.0073144193613771,0.0037977388915609294,3,2024-04-30,2024-10-30
apt_market:zip:65810:2024-07-31,geo:zori:zip:19143,2024-07-31,0.0140704812176237,-0.0053552147903185,0.003960608523132331,3,2024-04-30,2024-10-30
apt_market:zip:65810:2024-08-31,geo:zori:zip:19143,2024-08-31,0.0023420189351581,0.0014788407141721,0.005017954634300013,3,2024-04-30,2024-10-30
apt_market:zip:65810:2024-09-30,geo:zori:zip:19143,2024-09-30,0.0085082979678803,0.0140704812176237,0.005582526714759033,3,2024-04-30,2024-10-30
apt_market:zip:65816:2024-05-31,geo:zori:zip:19149,2024-05-31,0.0012177626547502,0.0004397228277366,0.005474780183177662,3,2024-04-30,2024-10-30
apt_market:zip:65816:2024-06-30,geo:zori:zip:19149,2024-06-30,0.0101738898129442,0.0010629480082806,0.004715272308112298,3,2024-04-30,2024-10-30
apt_market:zip:65816:2024-07-31,geo:zori:zip:19149,2024-07-31,0.0173242226546876,0.0012177626547502,0.004611893255704344,3,2024-04-30,2024-10-30
apt_market:zip:65816:2024-08-31,geo:zori:zip:19149,2024-08-31,0.0034511881252856,0.0101738898129442,0.005427930407007341,3,2024-04-30,2024-10-30
apt_market:zip:65859:2024-05-31,geo:zori:zip:19320,2024-05-31,0.0186525131364276,-0.0042057681114765,0.00468663978824024,3,2024-04-30,2024-10-30
apt_market:zip:65859:2024-06-30,geo:zori:zip:19320,2024-06-30,0.0029551955281701,-0.0084910118413881,0.0033342187036384686,3,2024-04-30,2024-10-30
apt_market:zip:65859:2024-07-31,geo:zori:zip:19320,2024-07-31,0.0181561390794484,0.0186525131364276,0.005347756365057391,3,2024-04-30,2024-10-30
apt_market:zip:65859:2024-08-31,geo:zori:zip:19320,2024-08-31,0.0024898195363161,0.0029551955281701,0.00481357374787182,3,2024-04-30,2024-10-30
apt_market:zip:65859:2024-09-30,geo:zori:zip:19320,2024-09-30,0.0168772197947695,0.0181561390794484,0.005333494789096973,3,2024-04-30,2024-10-30
apt_market:zip:65897:2024-05-31,geo:zori:zip:19382,2024-05-31,0.0030067022359214,0.0121103961070876,0.004662049823857148,3,2024-04-30,2024-10-30
apt_market:zip:65897:2024-06-30,geo:zori:zip:19382,2024-06-30,0.0013575152127636,0.004655669975903,0.004091476953298655,3,2024-04-30,2024-10-30
apt_market:zip:65897:2024-07-31,geo:zori:zip:19382,2024-07-31,0.0033088246210974,0.0030067022359214,0.004792994945060391,3,2024-04-30,2024-10-30
apt_market:zip:65897:2024-08-31,geo:zori:zip:19382,2024-08-31,-0.0023215941135983,0.0013575152127636,0.004379730910877931,3,2024-04-30,2024-10-30
apt_market:zip:65897:2024-09-30,geo:zori:zip:19382,2024-09-30,-0.0068785847668699,0.0033088246210974,0.004329238021037294,3,2024-04-30,2024-10-30
apt_market:zip:65933:2024-05-31,geo:zori:zip:19446,2024-05-31,-0.0033266032679901,-0.0007716742377165,0.004087871025028254,3,2024-04-30,2024-10-30
apt_market:zip:65933:2024-06-30,geo:zori:zip:19446,2024-06-30,0.0202623693589727,0.0070925037588367,0.004729654275311551,3,2024-04-30,2024-10-30
apt_market:zip:65933:2024-07-31,geo:zori:zip:19446,2024-07-31,-0.000287672736049,-0.0033266032679901,0.004256507113495257,3,2024-04-30,2024-10-30
apt_market:zip:65933:2024-08-31,geo:zori:zip:19446,2024-08-31,0.0038912562520903,0.0202623693589727,0.005837787935313367,3,2024-04-30,2024-10-30
apt_market:zip:65933:2024-09-30,geo:zori:zip:19446,2024-09-30,-0.0020101873936011,-0.000287672736049,0.004912124908734393,3,2024-04-30,2024-10-30
apt_market:zip:66043:2024-05-31,geo:zori:zip:19720,2024-05-31,0.0085712269248372,0.0302331531156572,0.007109871968815988,3,2024-04-30,2024-10-30
apt_market:zip:66043:2024-06-30,geo:zori:zip:19720,2024-06-30,0.0099184640301059,0.0207523146242034,0.006105547279270562,3,2024-04-30,2024-10-30
apt_market:zip:66043:2024-07-31,geo:zori:zip:19720,2024-07-31,0.0038267374830995,0.0085712269248372,0.004902866691543314,3,2024-04-30,2024-10-30
apt_market:zip:66043:2024-08-31,geo:zori:zip:19720,2024-08-31,-0.012024107927299,0.0099184640301059,0.004603036343908112,3,2024-04-30,2024-10-30
apt_market:zip:66043:2024-09-30,geo:zori:zip:19720,2024-09-30,0.00881322410032,0.0038267374830995,0.004738419950839008,3,2024-04-30,2024-10-30
